acasxu_2023,onnx/ACASXU_run2a_1_1_batch_2000.onnx,vnnlib/prop_1.vnnlib,prepared,unsat,0.55,l1audit-20260804-d1282d23
acasxu_2023,onnx/ACASXU_run2a_1_2_batch_2000.onnx,vnnlib/prop_1.vnnlib,prepared,unsat,0.97,l1audit-20260804-d1282d23
acasxu_2023,onnx/ACASXU_run2a_1_3_batch_2000.onnx,vnnlib/prop_1.vnnlib,prepared,unsat,0.9,l1audit-20260804-d1282d23
acasxu_2023,onnx/ACASXU_run2a_1_4_batch_2000.onnx,vnnlib/prop_1.vnnlib,prepared,unsat,0.97,l1audit-20260804-d1282d23
acasxu_2023,onnx/ACASXU_run2a_1_5_batch_2000.onnx,vnnlib/prop_1.vnnlib,prepared,unsat,0.46,l1audit-20260804-d1282d23
acasxu_2023,onnx/ACASXU_run2a_1_6_batch_2000.onnx,vnnlib/prop_1.vnnlib,prepared,unsat,0.85,l1audit-20260804-d1282d23
acasxu_2023,onnx/ACASXU_run2a_1_7_batch_2000.onnx,vnnlib/prop_1.vnnlib,prepared,unsat,0.64,l1audit-20260804-d1282d23
acasxu_2023,onnx/ACASXU_run2a_1_8_batch_2000.onnx,vnnlib/prop_1.vnnlib,prepared,unsat,0.34,l1audit-20260804-d1282d23
acasxu_2023,onnx/ACASXU_run2a_1_9_batch_2000.onnx,vnnlib/prop_1.vnnlib,prepared,unsat,0.3,l1audit-20260804-d1282d23
acasxu_2023,onnx/ACASXU_run2a_2_1_batch_2000.onnx,vnnlib/prop_1.vnnlib,prepared,unsat,0.71,l1audit-20260804-d1282d23
acasxu_2023,onnx/ACASXU_run2a_2_2_batch_2000.onnx,vnnlib/prop_1.vnnlib,prepared,unsat,1.34,l1audit-20260804-d1282d23
acasxu_2023,onnx/ACASXU_run2a_2_3_batch_2000.onnx,vnnlib/prop_1.vnnlib,prepared,unsat,0.53,l1audit-20260804-d1282d23
acasxu_2023,onnx/ACASXU_run2a_2_4_batch_2000.onnx,vnnlib/prop_1.vnnlib,prepared,unsat,1.07,l1audit-20260804-d1282d23
acasxu_2023,onnx/ACASXU_run2a_2_5_batch_2000.onnx,vnnlib/prop_1.vnnlib,prepared,unsat,1.67,l1audit-20260804-d1282d23
acasxu_2023,onnx/ACASXU_run2a_2_6_batch_2000.onnx,vnnlib/prop_1.vnnlib,prepared,unsat,1.44,l1audit-20260804-d1282d23
acasxu_2023,onnx/ACASXU_run2a_2_7_batch_2000.onnx,vnnlib/prop_1.vnnlib,prepared,unsat,4.97,l1audit-20260804-d1282d23
acasxu_2023,onnx/ACASXU_run2a_2_8_batch_2000.onnx,vnnlib/prop_1.vnnlib,prepared,unsat,2.76,l1audit-20260804-d1282d23
acasxu_2023,onnx/ACASXU_run2a_2_9_batch_2000.onnx,vnnlib/prop_1.vnnlib,prepared,unsat,2.25,l1audit-20260804-d1282d23
acasxu_2023,onnx/ACASXU_run2a_3_1_batch_2000.onnx,vnnlib/prop_1.vnnlib,prepared,unsat,0.65,l1audit-20260804-d1282d23
acasxu_2023,onnx/ACASXU_run2a_3_2_batch_2000.onnx,vnnlib/prop_1.vnnlib,prepared,unsat,0.95,l1audit-20260804-d1282d23
acasxu_2023,onnx/ACASXU_run2a_3_3_batch_2000.onnx,vnnlib/prop_1.vnnlib,prepared,unsat,0.87,l1audit-20260804-d1282d23
acasxu_2023,onnx/ACASXU_run2a_3_4_batch_2000.onnx,vnnlib/prop_1.vnnlib,prepared,unsat,0.59,l1audit-20260804-d1282d23
acasxu_2023,onnx/ACASXU_run2a_3_5_batch_2000.onnx,vnnlib/prop_1.vnnlib,prepared,unsat,1.68,l1audit-20260804-d1282d23
acasxu_2023,onnx/ACASXU_run2a_3_6_batch_2000.onnx,vnnlib/prop_1.vnnlib,prepared,unsat,2.57,l1audit-20260804-d1282d23
acasxu_2023,onnx/ACASXU_run2a_3_7_batch_2000.onnx,vnnlib/prop_1.vnnlib,prepared,unsat,5.33,l1audit-20260804-d1282d23
acasxu_2023,onnx/ACASXU_run2a_3_8_batch_2000.onnx,vnnlib/prop_1.vnnlib,prepared,unsat,3.59,l1audit-20260804-d1282d23
acasxu_2023,onnx/ACASXU_run2a_3_9_batch_2000.onnx,vnnlib/prop_1.vnnlib,prepared,unsat,14.74,l1audit-20260804-d1282d23
acasxu_2023,onnx/ACASXU_run2a_4_1_batch_2000.onnx,vnnlib/prop_1.vnnlib,prepared,unsat,0.88,l1audit-20260804-d1282d23
acasxu_2023,onnx/ACASXU_run2a_4_2_batch_2000.onnx,vnnlib/prop_1.vnnlib,prepared,unsat,14.5,l1audit-20260804-d1282d23
acasxu_2023,onnx/ACASXU_run2a_4_3_batch_2000.onnx,vnnlib/prop_1.vnnlib,prepared,unsat,0.96,l1audit-20260804-d1282d23
acasxu_2023,onnx/ACASXU_run2a_4_4_batch_2000.onnx,vnnlib/prop_1.vnnlib,prepared,unsat,2.74,l1audit-20260804-d1282d23
acasxu_2023,onnx/ACASXU_run2a_4_5_batch_2000.onnx,vnnlib/prop_1.vnnlib,prepared,unsat,0.96,l1audit-20260804-d1282d23
acasxu_2023,onnx/ACASXU_run2a_4_6_batch_2000.onnx,vnnlib/prop_1.vnnlib,prepared,unsat,2.87,l1audit-20260804-d1282d23
acasxu_2023,onnx/ACASXU_run2a_4_7_batch_2000.onnx,vnnlib/prop_1.vnnlib,prepared,unsat,7.01,l1audit-20260804-d1282d23
acasxu_2023,onnx/ACASXU_run2a_4_8_batch_2000.onnx,vnnlib/prop_1.vnnlib,prepared,unsat,2.26,l1audit-20260804-d1282d23
acasxu_2023,onnx/ACASXU_run2a_4_9_batch_2000.onnx,vnnlib/prop_1.vnnlib,prepared,unsat,4.48,l1audit-20260804-d1282d23
acasxu_2023,onnx/ACASXU_run2a_5_1_batch_2000.onnx,vnnlib/prop_1.vnnlib,prepared,unsat,0.8,l1audit-20260804-d1282d23
acasxu_2023,onnx/ACASXU_run2a_5_2_batch_2000.onnx,vnnlib/prop_1.vnnlib,prepared,unsat,0.65,l1audit-20260804-d1282d23
acasxu_2023,onnx/ACASXU_run2a_5_3_batch_2000.onnx,vnnlib/prop_1.vnnlib,prepared,unsat,0.53,l1audit-20260804-d1282d23
acasxu_2023,onnx/ACASXU_run2a_5_4_batch_2000.onnx,vnnlib/prop_1.vnnlib,prepared,unsat,0.56,l1audit-20260804-d1282d23
acasxu_2023,onnx/ACASXU_run2a_5_5_batch_2000.onnx,vnnlib/prop_1.vnnlib,prepared,unsat,1.6,l1audit-20260804-d1282d23
acasxu_2023,onnx/ACASXU_run2a_5_6_batch_2000.onnx,vnnlib/prop_1.vnnlib,prepared,unsat,2.83,l1audit-20260804-d1282d23
acasxu_2023,onnx/ACASXU_run2a_5_7_batch_2000.onnx,vnnlib/prop_1.vnnlib,prepared,unsat,2.85,l1audit-20260804-d1282d23
acasxu_2023,onnx/ACASXU_run2a_5_8_batch_2000.onnx,vnnlib/prop_1.vnnlib,prepared,unsat,2.05,l1audit-20260804-d1282d23
acasxu_2023,onnx/ACASXU_run2a_5_9_batch_2000.onnx,vnnlib/prop_1.vnnlib,prepared,unsat,1.87,l1audit-20260804-d1282d23
acasxu_2023,onnx/ACASXU_run2a_1_1_batch_2000.onnx,vnnlib/prop_2.vnnlib,prepared,unsat,49.23,l1audit-20260804-d1282d23
acasxu_2023,onnx/ACASXU_run2a_1_2_batch_2000.onnx,vnnlib/prop_2.vnnlib,prepared,sat,7.9,l1audit-20260804-d1282d23
acasxu_2023,onnx/ACASXU_run2a_1_3_batch_2000.onnx,vnnlib/prop_2.vnnlib,prepared,sat,4.55,l1audit-20260804-d1282d23
acasxu_2023,onnx/ACASXU_run2a_1_4_batch_2000.onnx,vnnlib/prop_2.vnnlib,prepared,sat,31.85,l1audit-20260804-d1282d23
acasxu_2023,onnx/ACASXU_run2a_1_5_batch_2000.onnx,vnnlib/prop_2.vnnlib,prepared,timeout,113.65,l1audit-20260804-d1282d23
acasxu_2023,onnx/ACASXU_run2a_1_6_batch_2000.onnx,vnnlib/prop_2.vnnlib,prepared,sat,111.5,l1audit-20260804-d1282d23
acasxu_2023,onnx/ACASXU_run2a_1_7_batch_2000.onnx,vnnlib/prop_2.vnnlib,prepared,unsat,45.81,l1audit-20260804-d1282d23
acasxu_2023,onnx/ACASXU_run2a_1_8_batch_2000.onnx,vnnlib/prop_2.vnnlib,prepared,unsat,46.67,l1audit-20260804-d1282d23
acasxu_2023,onnx/ACASXU_run2a_1_9_batch_2000.onnx,vnnlib/prop_2.vnnlib,prepared,unsat,47.08,l1audit-20260804-d1282d23
acasxu_2023,onnx/ACASXU_run2a_2_1_batch_2000.onnx,vnnlib/prop_2.vnnlib,prepared,sat,0.47,l1audit-20260804-d1282d23
acasxu_2023,onnx/ACASXU_run2a_2_2_batch_2000.onnx,vnnlib/prop_2.vnnlib,prepared,sat,0.29,l1audit-20260804-d1282d23
acasxu_2023,onnx/ACASXU_run2a_2_3_batch_2000.onnx,vnnlib/prop_2.vnnlib,prepared,sat,0.27,l1audit-20260804-d1282d23
acasxu_2023,onnx/ACASXU_run2a_2_4_batch_2000.onnx,vnnlib/prop_2.vnnlib,prepared,sat,0.36,l1audit-20260804-d1282d23
acasxu_2023,onnx/ACASXU_run2a_2_5_batch_2000.onnx,vnnlib/prop_2.vnnlib,prepared,sat,0.31,l1audit-20260804-d1282d23
acasxu_2023,onnx/ACASXU_run2a_2_6_batch_2000.onnx,vnnlib/prop_2.vnnlib,prepared,sat,0.23,l1audit-20260804-d1282d23
acasxu_2023,onnx/ACASXU_run2a_2_7_batch_2000.onnx,vnnlib/prop_2.vnnlib,prepared,sat,0.28,l1audit-20260804-d1282d23
acasxu_2023,onnx/ACASXU_run2a_2_8_batch_2000.onnx,vnnlib/prop_2.vnnlib,prepared,sat,0.38,l1audit-20260804-d1282d23
acasxu_2023,onnx/ACASXU_run2a_2_9_batch_2000.onnx,vnnlib/prop_2.vnnlib,prepared,sat,3.37,l1audit-20260804-d1282d23
acasxu_2023,onnx/ACASXU_run2a_3_1_batch_2000.onnx,vnnlib/prop_2.vnnlib,prepared,sat,0.29,l1audit-20260804-d1282d23
acasxu_2023,onnx/ACASXU_run2a_3_2_batch_2000.onnx,vnnlib/prop_2.vnnlib,prepared,sat,5.4,l1audit-20260804-d1282d23
acasxu_2023,onnx/ACASXU_run2a_3_3_batch_2000.onnx,vnnlib/prop_2.vnnlib,prepared,unknown,111.04
acasxu_2023,onnx/ACASXU_run2a_3_4_batch_2000.onnx,vnnlib/prop_2.vnnlib,prepared,sat,1.28,l1audit-20260804-d1282d23
acasxu_2023,onnx/ACASXU_run2a_3_5_batch_2000.onnx,vnnlib/prop_2.vnnlib,prepared,sat,0.29,l1audit-20260804-d1282d23
acasxu_2023,onnx/ACASXU_run2a_3_6_batch_2000.onnx,vnnlib/prop_2.vnnlib,prepared,sat,0.26,l1audit-20260804-d1282d23
acasxu_2023,onnx/ACASXU_run2a_3_7_batch_2000.onnx,vnnlib/prop_2.vnnlib,prepared,sat,0.42,l1audit-20260804-d1282d23
acasxu_2023,onnx/ACASXU_run2a_3_8_batch_2000.onnx,vnnlib/prop_2.vnnlib,prepared,sat,0.65,l1audit-20260804-d1282d23
acasxu_2023,onnx/ACASXU_run2a_3_9_batch_2000.onnx,vnnlib/prop_2.vnnlib,prepared,sat,0.24,l1audit-20260804-d1282d23
acasxu_2023,onnx/ACASXU_run2a_4_1_batch_2000.onnx,vnnlib/prop_2.vnnlib,prepared,sat,1.45,l1audit-20260804-d1282d23
acasxu_2023,onnx/ACASXU_run2a_4_2_batch_2000.onnx,vnnlib/prop_2.vnnlib,prepared,unknown,110.53
acasxu_2023,onnx/ACASXU_run2a_4_3_batch_2000.onnx,vnnlib/prop_2.vnnlib,prepared,sat,0.66,l1audit-20260804-d1282d23
acasxu_2023,onnx/ACASXU_run2a_4_4_batch_2000.onnx,vnnlib/prop_2.vnnlib,prepared,sat,1.24,l1audit-20260804-d1282d23
acasxu_2023,onnx/ACASXU_run2a_4_5_batch_2000.onnx,vnnlib/prop_2.vnnlib,prepared,sat,0.34,l1audit-20260804-d1282d23
acasxu_2023,onnx/ACASXU_run2a_4_6_batch_2000.onnx,vnnlib/prop_2.vnnlib,prepared,sat,0.2,l1audit-20260804-d1282d23
acasxu_2023,onnx/ACASXU_run2a_4_7_batch_2000.onnx,vnnlib/prop_2.vnnlib,prepared,sat,0.3,l1audit-20260804-d1282d23
acasxu_2023,onnx/ACASXU_run2a_4_8_batch_2000.onnx,vnnlib/prop_2.vnnlib,prepared,sat,0.27,l1audit-20260804-d1282d23
acasxu_2023,onnx/ACASXU_run2a_4_9_batch_2000.onnx,vnnlib/prop_2.vnnlib,prepared,sat,1.77,l1audit-20260804-d1282d23
acasxu_2023,onnx/ACASXU_run2a_5_1_batch_2000.onnx,vnnlib/prop_2.vnnlib,prepared,sat,0.28,l1audit-20260804-d1282d23
acasxu_2023,onnx/ACASXU_run2a_5_2_batch_2000.onnx,vnnlib/prop_2.vnnlib,prepared,sat,0.27,l1audit-20260804-d1282d23
acasxu_2023,onnx/ACASXU_run2a_5_3_batch_2000.onnx,vnnlib/prop_2.vnnlib,prepared,sat,0,acas-row84-clean01b9-2025-20260731T092559Z
acasxu_2023,onnx/ACASXU_run2a_5_4_batch_2000.onnx,vnnlib/prop_2.vnnlib,prepared,sat,1.05,l1audit-20260804-d1282d23
acasxu_2023,onnx/ACASXU_run2a_5_5_batch_2000.onnx,vnnlib/prop_2.vnnlib,prepared,sat,0.33,l1audit-20260804-d1282d23
acasxu_2023,onnx/ACASXU_run2a_5_6_batch_2000.onnx,vnnlib/prop_2.vnnlib,prepared,sat,0.26,l1audit-20260804-d1282d23
acasxu_2023,onnx/ACASXU_run2a_5_7_batch_2000.onnx,vnnlib/prop_2.vnnlib,prepared,sat,0.4,l1audit-20260804-d1282d23
acasxu_2023,onnx/ACASXU_run2a_5_8_batch_2000.onnx,vnnlib/prop_2.vnnlib,prepared,sat,0.26,l1audit-20260804-d1282d23
acasxu_2023,onnx/ACASXU_run2a_5_9_batch_2000.onnx,vnnlib/prop_2.vnnlib,prepared,sat,0.31,l1audit-20260804-d1282d23
acasxu_2023,onnx/ACASXU_run2a_1_1_batch_2000.onnx,vnnlib/prop_3.vnnlib,prepared,unsat,52.39,l1audit-20260804-d1282d23
acasxu_2023,onnx/ACASXU_run2a_1_2_batch_2000.onnx,vnnlib/prop_3.vnnlib,prepared,unsat,47.33,l1audit-20260804-d1282d23
acasxu_2023,onnx/ACASXU_run2a_1_3_batch_2000.onnx,vnnlib/prop_3.vnnlib,prepared,unsat,45.63,l1audit-20260804-d1282d23
acasxu_2023,onnx/ACASXU_run2a_1_4_batch_2000.onnx,vnnlib/prop_3.vnnlib,prepared,unsat,44.73,l1audit-20260804-d1282d23
acasxu_2023,onnx/ACASXU_run2a_1_5_batch_2000.onnx,vnnlib/prop_3.vnnlib,prepared,unsat,44.84,l1audit-20260804-d1282d23
acasxu_2023,onnx/ACASXU_run2a_1_6_batch_2000.onnx,vnnlib/prop_3.vnnlib,prepared,unsat,44.57,l1audit-20260804-d1282d23
acasxu_2023,onnx/ACASXU_run2a_1_7_batch_2000.onnx,vnnlib/prop_3.vnnlib,prepared,sat,0.24,l1audit-20260804-d1282d23
acasxu_2023,onnx/ACASXU_run2a_1_8_batch_2000.onnx,vnnlib/prop_3.vnnlib,prepared,sat,0.21,l1audit-20260804-d1282d23
acasxu_2023,onnx/ACASXU_run2a_1_9_batch_2000.onnx,vnnlib/prop_3.vnnlib,prepared,sat,0.22,l1audit-20260804-d1282d23
acasxu_2023,onnx/ACASXU_run2a_2_1_batch_2000.onnx,vnnlib/prop_3.vnnlib,prepared,unsat,48.63,l1audit-20260804-d1282d23
acasxu_2023,onnx/ACASXU_run2a_2_2_batch_2000.onnx,vnnlib/prop_3.vnnlib,prepared,unsat,46.58,l1audit-20260804-d1282d23
acasxu_2023,onnx/ACASXU_run2a_2_3_batch_2000.onnx,vnnlib/prop_3.vnnlib,prepared,unsat,52.22,l1audit-20260804-d1282d23
acasxu_2023,onnx/ACASXU_run2a_2_4_batch_2000.onnx,vnnlib/prop_3.vnnlib,prepared,unsat,44.57,l1audit-20260804-d1282d23
acasxu_2023,onnx/ACASXU_run2a_2_5_batch_2000.onnx,vnnlib/prop_3.vnnlib,prepared,unsat,44.88,l1audit-20260804-d1282d23
acasxu_2023,onnx/ACASXU_run2a_2_6_batch_2000.onnx,vnnlib/prop_3.vnnlib,prepared,unsat,44.57,l1audit-20260804-d1282d23
acasxu_2023,onnx/ACASXU_run2a_2_7_batch_2000.onnx,vnnlib/prop_3.vnnlib,prepared,unsat,44.54,l1audit-20260804-d1282d23
acasxu_2023,onnx/ACASXU_run2a_2_8_batch_2000.onnx,vnnlib/prop_3.vnnlib,prepared,unsat,44.55,l1audit-20260804-d1282d23
acasxu_2023,onnx/ACASXU_run2a_2_9_batch_2000.onnx,vnnlib/prop_3.vnnlib,prepared,unsat,44.56,l1audit-20260804-d1282d23
acasxu_2023,onnx/ACASXU_run2a_3_1_batch_2000.onnx,vnnlib/prop_3.vnnlib,prepared,unsat,44.89,l1audit-20260804-d1282d23
acasxu_2023,onnx/ACASXU_run2a_3_2_batch_2000.onnx,vnnlib/prop_3.vnnlib,prepared,unsat,44.8,l1audit-20260804-d1282d23
acasxu_2023,onnx/ACASXU_run2a_3_3_batch_2000.onnx,vnnlib/prop_3.vnnlib,prepared,unsat,45.09,l1audit-20260804-d1282d23
acasxu_2023,onnx/ACASXU_run2a_3_4_batch_2000.onnx,vnnlib/prop_3.vnnlib,prepared,unsat,44.81,l1audit-20260804-d1282d23
acasxu_2023,onnx/ACASXU_run2a_3_5_batch_2000.onnx,vnnlib/prop_3.vnnlib,prepared,unsat,44.59,l1audit-20260804-d1282d23
acasxu_2023,onnx/ACASXU_run2a_3_6_batch_2000.onnx,vnnlib/prop_3.vnnlib,prepared,unsat,44.61,l1audit-20260804-d1282d23
acasxu_2023,onnx/ACASXU_run2a_3_7_batch_2000.onnx,vnnlib/prop_3.vnnlib,prepared,unsat,44.56,l1audit-20260804-d1282d23
acasxu_2023,onnx/ACASXU_run2a_3_8_batch_2000.onnx,vnnlib/prop_3.vnnlib,prepared,unsat,44.6,l1audit-20260804-d1282d23
acasxu_2023,onnx/ACASXU_run2a_3_9_batch_2000.onnx,vnnlib/prop_3.vnnlib,prepared,unsat,44.71,l1audit-20260804-d1282d23
acasxu_2023,onnx/ACASXU_run2a_4_1_batch_2000.onnx,vnnlib/prop_3.vnnlib,prepared,unsat,45.16,l1audit-20260804-d1282d23
acasxu_2023,onnx/ACASXU_run2a_4_2_batch_2000.onnx,vnnlib/prop_3.vnnlib,prepared,unsat,47.3,l1audit-20260804-d1282d23
acasxu_2023,onnx/ACASXU_run2a_4_3_batch_2000.onnx,vnnlib/prop_3.vnnlib,prepared,unsat,47.55,l1audit-20260804-d1282d23
acasxu_2023,onnx/ACASXU_run2a_4_4_batch_2000.onnx,vnnlib/prop_3.vnnlib,prepared,unsat,44.7,l1audit-20260804-d1282d23
acasxu_2023,onnx/ACASXU_run2a_4_5_batch_2000.onnx,vnnlib/prop_3.vnnlib,prepared,unsat,44.56,l1audit-20260804-d1282d23
acasxu_2023,onnx/ACASXU_run2a_4_6_batch_2000.onnx,vnnlib/prop_3.vnnlib,prepared,unsat,44.88,l1audit-20260804-d1282d23
acasxu_2023,onnx/ACASXU_run2a_4_7_batch_2000.onnx,vnnlib/prop_3.vnnlib,prepared,unsat,44.65,l1audit-20260804-d1282d23
acasxu_2023,onnx/ACASXU_run2a_4_8_batch_2000.onnx,vnnlib/prop_3.vnnlib,prepared,unsat,44.56,l1audit-20260804-d1282d23
acasxu_2023,onnx/ACASXU_run2a_4_9_batch_2000.onnx,vnnlib/prop_3.vnnlib,prepared,unsat,44.75,l1audit-20260804-d1282d23
acasxu_2023,onnx/ACASXU_run2a_5_1_batch_2000.onnx,vnnlib/prop_3.vnnlib,prepared,unsat,46.11,l1audit-20260804-d1282d23
acasxu_2023,onnx/ACASXU_run2a_5_2_batch_2000.onnx,vnnlib/prop_3.vnnlib,prepared,unsat,44.79,l1audit-20260804-d1282d23
acasxu_2023,onnx/ACASXU_run2a_5_3_batch_2000.onnx,vnnlib/prop_3.vnnlib,prepared,unsat,44.81,l1audit-20260804-d1282d23
acasxu_2023,onnx/ACASXU_run2a_5_4_batch_2000.onnx,vnnlib/prop_3.vnnlib,prepared,unsat,44.62,l1audit-20260804-d1282d23
acasxu_2023,onnx/ACASXU_run2a_5_5_batch_2000.onnx,vnnlib/prop_3.vnnlib,prepared,unsat,44.66,l1audit-20260804-d1282d23
acasxu_2023,onnx/ACASXU_run2a_5_6_batch_2000.onnx,vnnlib/prop_3.vnnlib,prepared,unsat,44.65,l1audit-20260804-d1282d23
acasxu_2023,onnx/ACASXU_run2a_5_7_batch_2000.onnx,vnnlib/prop_3.vnnlib,prepared,unsat,44.58,l1audit-20260804-d1282d23
acasxu_2023,onnx/ACASXU_run2a_5_8_batch_2000.onnx,vnnlib/prop_3.vnnlib,prepared,unsat,44.71,l1audit-20260804-d1282d23
acasxu_2023,onnx/ACASXU_run2a_5_9_batch_2000.onnx,vnnlib/prop_3.vnnlib,prepared,unsat,44.64,l1audit-20260804-d1282d23
acasxu_2023,onnx/ACASXU_run2a_1_1_batch_2000.onnx,vnnlib/prop_4.vnnlib,prepared,unsat,47.73,l1audit-20260804-d1282d23
acasxu_2023,onnx/ACASXU_run2a_1_2_batch_2000.onnx,vnnlib/prop_4.vnnlib,prepared,unsat,45.17,l1audit-20260804-d1282d23
acasxu_2023,onnx/ACASXU_run2a_1_3_batch_2000.onnx,vnnlib/prop_4.vnnlib,prepared,unsat,45.36,l1audit-20260804-d1282d23
acasxu_2023,onnx/ACASXU_run2a_1_4_batch_2000.onnx,vnnlib/prop_4.vnnlib,prepared,unsat,44.79,l1audit-20260804-d1282d23
acasxu_2023,onnx/ACASXU_run2a_1_5_batch_2000.onnx,vnnlib/prop_4.vnnlib,prepared,unsat,44.84,l1audit-20260804-d1282d23
acasxu_2023,onnx/ACASXU_run2a_1_6_batch_2000.onnx,vnnlib/prop_4.vnnlib,prepared,unsat,44.73,l1audit-20260804-d1282d23
acasxu_2023,onnx/ACASXU_run2a_1_7_batch_2000.onnx,vnnlib/prop_4.vnnlib,prepared,sat,0.23,l1audit-20260804-d1282d23
acasxu_2023,onnx/ACASXU_run2a_1_8_batch_2000.onnx,vnnlib/prop_4.vnnlib,prepared,sat,0.25,l1audit-20260804-d1282d23
acasxu_2023,onnx/ACASXU_run2a_1_9_batch_2000.onnx,vnnlib/prop_4.vnnlib,prepared,sat,0.19,l1audit-20260804-d1282d23
acasxu_2023,onnx/ACASXU_run2a_2_1_batch_2000.onnx,vnnlib/prop_4.vnnlib,prepared,unsat,44.71,l1audit-20260804-d1282d23
acasxu_2023,onnx/ACASXU_run2a_2_2_batch_2000.onnx,vnnlib/prop_4.vnnlib,prepared,unsat,44.73,l1audit-20260804-d1282d23
acasxu_2023,onnx/ACASXU_run2a_2_3_batch_2000.onnx,vnnlib/prop_4.vnnlib,prepared,unsat,44.68,l1audit-20260804-d1282d23
acasxu_2023,onnx/ACASXU_run2a_2_4_batch_2000.onnx,vnnlib/prop_4.vnnlib,prepared,unsat,44.57,l1audit-20260804-d1282d23
acasxu_2023,onnx/ACASXU_run2a_2_5_batch_2000.onnx,vnnlib/prop_4.vnnlib,prepared,unsat,44.63,l1audit-20260804-d1282d23
acasxu_2023,onnx/ACASXU_run2a_2_6_batch_2000.onnx,vnnlib/prop_4.vnnlib,prepared,unsat,44.77,l1audit-20260804-d1282d23
acasxu_2023,onnx/ACASXU_run2a_2_7_batch_2000.onnx,vnnlib/prop_4.vnnlib,prepared,unsat,44.66,l1audit-20260804-d1282d23
acasxu_2023,onnx/ACASXU_run2a_2_8_batch_2000.onnx,vnnlib/prop_4.vnnlib,prepared,unsat,44.81,l1audit-20260804-d1282d23
acasxu_2023,onnx/ACASXU_run2a_2_9_batch_2000.onnx,vnnlib/prop_4.vnnlib,prepared,unsat,44.59,l1audit-20260804-d1282d23
acasxu_2023,onnx/ACASXU_run2a_3_1_batch_2000.onnx,vnnlib/prop_4.vnnlib,prepared,unsat,44.66,l1audit-20260804-d1282d23
acasxu_2023,onnx/ACASXU_run2a_3_2_batch_2000.onnx,vnnlib/prop_4.vnnlib,prepared,unsat,45.26,l1audit-20260804-d1282d23
acasxu_2023,onnx/ACASXU_run2a_3_3_batch_2000.onnx,vnnlib/prop_4.vnnlib,prepared,unsat,44.57,l1audit-20260804-d1282d23
acasxu_2023,onnx/ACASXU_run2a_3_4_batch_2000.onnx,vnnlib/prop_4.vnnlib,prepared,unsat,44.61,l1audit-20260804-d1282d23
acasxu_2023,onnx/ACASXU_run2a_3_5_batch_2000.onnx,vnnlib/prop_4.vnnlib,prepared,unsat,44.71,l1audit-20260804-d1282d23
acasxu_2023,onnx/ACASXU_run2a_3_6_batch_2000.onnx,vnnlib/prop_4.vnnlib,prepared,unsat,44.62,l1audit-20260804-d1282d23
acasxu_2023,onnx/ACASXU_run2a_3_7_batch_2000.onnx,vnnlib/prop_4.vnnlib,prepared,unsat,44.62,l1audit-20260804-d1282d23
acasxu_2023,onnx/ACASXU_run2a_3_8_batch_2000.onnx,vnnlib/prop_4.vnnlib,prepared,unsat,44.66,l1audit-20260804-d1282d23
acasxu_2023,onnx/ACASXU_run2a_3_9_batch_2000.onnx,vnnlib/prop_4.vnnlib,prepared,unsat,44.61,l1audit-20260804-d1282d23
acasxu_2023,onnx/ACASXU_run2a_4_1_batch_2000.onnx,vnnlib/prop_4.vnnlib,prepared,unsat,44.57,l1audit-20260804-d1282d23
acasxu_2023,onnx/ACASXU_run2a_4_2_batch_2000.onnx,vnnlib/prop_4.vnnlib,prepared,unsat,44.69,l1audit-20260804-d1282d23
acasxu_2023,onnx/ACASXU_run2a_4_3_batch_2000.onnx,vnnlib/prop_4.vnnlib,prepared,unsat,44.7,l1audit-20260804-d1282d23
acasxu_2023,onnx/ACASXU_run2a_4_4_batch_2000.onnx,vnnlib/prop_4.vnnlib,prepared,unsat,44.81,l1audit-20260804-d1282d23
acasxu_2023,onnx/ACASXU_run2a_4_5_batch_2000.onnx,vnnlib/prop_4.vnnlib,prepared,unsat,44.64,l1audit-20260804-d1282d23
acasxu_2023,onnx/ACASXU_run2a_4_6_batch_2000.onnx,vnnlib/prop_4.vnnlib,prepared,unsat,44.64,l1audit-20260804-d1282d23
acasxu_2023,onnx/ACASXU_run2a_4_7_batch_2000.onnx,vnnlib/prop_4.vnnlib,prepared,unsat,44.69,l1audit-20260804-d1282d23
acasxu_2023,onnx/ACASXU_run2a_4_8_batch_2000.onnx,vnnlib/prop_4.vnnlib,prepared,unsat,44.62,l1audit-20260804-d1282d23
acasxu_2023,onnx/ACASXU_run2a_4_9_batch_2000.onnx,vnnlib/prop_4.vnnlib,prepared,unsat,44.6,l1audit-20260804-d1282d23
acasxu_2023,onnx/ACASXU_run2a_5_1_batch_2000.onnx,vnnlib/prop_4.vnnlib,prepared,unsat,44.76,l1audit-20260804-d1282d23
acasxu_2023,onnx/ACASXU_run2a_5_2_batch_2000.onnx,vnnlib/prop_4.vnnlib,prepared,unsat,44.65,l1audit-20260804-d1282d23
acasxu_2023,onnx/ACASXU_run2a_5_3_batch_2000.onnx,vnnlib/prop_4.vnnlib,prepared,unsat,44.58,l1audit-20260804-d1282d23
acasxu_2023,onnx/ACASXU_run2a_5_4_batch_2000.onnx,vnnlib/prop_4.vnnlib,prepared,unsat,44.62,l1audit-20260804-d1282d23
acasxu_2023,onnx/ACASXU_run2a_5_5_batch_2000.onnx,vnnlib/prop_4.vnnlib,prepared,unsat,44.67,l1audit-20260804-d1282d23
acasxu_2023,onnx/ACASXU_run2a_5_6_batch_2000.onnx,vnnlib/prop_4.vnnlib,prepared,unsat,44.62,l1audit-20260804-d1282d23
acasxu_2023,onnx/ACASXU_run2a_5_7_batch_2000.onnx,vnnlib/prop_4.vnnlib,prepared,unsat,44.57,l1audit-20260804-d1282d23
acasxu_2023,onnx/ACASXU_run2a_5_8_batch_2000.onnx,vnnlib/prop_4.vnnlib,prepared,unsat,44.6,l1audit-20260804-d1282d23
acasxu_2023,onnx/ACASXU_run2a_5_9_batch_2000.onnx,vnnlib/prop_4.vnnlib,prepared,unsat,44.61,l1audit-20260804-d1282d23
acasxu_2023,onnx/ACASXU_run2a_1_1_batch_2000.onnx,vnnlib/prop_5.vnnlib,prepared,unsat,106.66,l1audit-20260804-d1282d23
acasxu_2023,onnx/ACASXU_run2a_1_1_batch_2000.onnx,vnnlib/prop_6.vnnlib,prepared,unsat,28.53,l1audit-20260804-d1282d23
acasxu_2023,onnx/ACASXU_run2a_1_9_batch_2000.onnx,vnnlib/prop_7.vnnlib,prepared,sat,106.93,l1audit-20260804-d1282d23
acasxu_2023,onnx/ACASXU_run2a_2_9_batch_2000.onnx,vnnlib/prop_8.vnnlib,prepared,sat,0.93,l1audit-20260804-d1282d23
acasxu_2023,onnx/ACASXU_run2a_3_3_batch_2000.onnx,vnnlib/prop_9.vnnlib,prepared,unsat,63.7,l1audit-20260804-d1282d23
acasxu_2023,onnx/ACASXU_run2a_4_5_batch_2000.onnx,vnnlib/prop_10.vnnlib,prepared,unsat,79.37,l1audit-20260804-d1282d23
acasxu_2023,onnx/test_nano.onnx,vnnlib/test_nano.vnnlib,0,unsat,0
