dist_shift_2023,./onnx/mnist_concat.onnx,./vnnlib/index7901_delta0.13.vnnlib,prepared,unsat,57.63
dist_shift_2023,./onnx/mnist_concat.onnx,./vnnlib/index6323_delta0.13.vnnlib,prepared,unsat,57.28
dist_shift_2023,./onnx/mnist_concat.onnx,./vnnlib/index7027_delta0.13.vnnlib,prepared,unsat,57.56
dist_shift_2023,./onnx/mnist_concat.onnx,./vnnlib/index7116_delta0.13.vnnlib,prepared,unsat,57.28
dist_shift_2023,./onnx/mnist_concat.onnx,./vnnlib/index1373_delta0.13.vnnlib,prepared,unsat,57.33
dist_shift_2023,./onnx/mnist_concat.onnx,./vnnlib/index6957_delta0.13.vnnlib,prepared,unsat,57.30
dist_shift_2023,./onnx/mnist_concat.onnx,./vnnlib/index365_delta0.13.vnnlib,prepared,unsat,57.44
dist_shift_2023,./onnx/mnist_concat.onnx,./vnnlib/index8900_delta0.13.vnnlib,prepared,unsat,57.33
dist_shift_2023,./onnx/mnist_concat.onnx,./vnnlib/index9733_delta0.13.vnnlib,prepared,unsat,57.80
dist_shift_2023,./onnx/mnist_concat.onnx,./vnnlib/index9154_delta0.13.vnnlib,prepared,unsat,57.80
dist_shift_2023,./onnx/mnist_concat.onnx,./vnnlib/index5938_delta0.13.vnnlib,prepared,unsat,57.89
dist_shift_2023,./onnx/mnist_concat.onnx,./vnnlib/index8964_delta0.13.vnnlib,prepared,unsat,57.30
dist_shift_2023,./onnx/mnist_concat.onnx,./vnnlib/index4665_delta0.13.vnnlib,prepared,unsat,57.68
dist_shift_2023,./onnx/mnist_concat.onnx,./vnnlib/index2204_delta0.13.vnnlib,prepared,unsat,57.58
dist_shift_2023,./onnx/mnist_concat.onnx,./vnnlib/index6405_delta0.13.vnnlib,prepared,unsat,57.36
dist_shift_2023,./onnx/mnist_concat.onnx,./vnnlib/index4739_delta0.13.vnnlib,prepared,sat,0.08
dist_shift_2023,./onnx/mnist_concat.onnx,./vnnlib/index5291_delta0.13.vnnlib,prepared,timeout,286,resweep-20260806-29f0f7d7-4x-repeat
dist_shift_2023,./onnx/mnist_concat.onnx,./vnnlib/index5206_delta0.13.vnnlib,prepared,unsat,57.40
dist_shift_2023,./onnx/mnist_concat.onnx,./vnnlib/index7329_delta0.13.vnnlib,prepared,unsat,57.34
dist_shift_2023,./onnx/mnist_concat.onnx,./vnnlib/index292_delta0.13.vnnlib,prepared,unsat,57.29
dist_shift_2023,./onnx/mnist_concat.onnx,./vnnlib/index1282_delta0.13.vnnlib,prepared,sat,0.08
dist_shift_2023,./onnx/mnist_concat.onnx,./vnnlib/index2251_delta0.13.vnnlib,prepared,unsat,57.43
dist_shift_2023,./onnx/mnist_concat.onnx,./vnnlib/index1921_delta0.13.vnnlib,prepared,unsat,57.28
dist_shift_2023,./onnx/mnist_concat.onnx,./vnnlib/index1285_delta0.13.vnnlib,prepared,sat,0.13
dist_shift_2023,./onnx/mnist_concat.onnx,./vnnlib/index9211_delta0.13.vnnlib,prepared,sat,0.13
dist_shift_2023,./onnx/mnist_concat.onnx,./vnnlib/index1159_delta0.13.vnnlib,prepared,unsat,57.40
dist_shift_2023,./onnx/mnist_concat.onnx,./vnnlib/index4901_delta0.13.vnnlib,prepared,unsat,57.42
dist_shift_2023,./onnx/mnist_concat.onnx,./vnnlib/index1662_delta0.13.vnnlib,prepared,unsat,57.30
dist_shift_2023,./onnx/mnist_concat.onnx,./vnnlib/index7606_delta0.13.vnnlib,prepared,unsat,57.42
dist_shift_2023,./onnx/mnist_concat.onnx,./vnnlib/index1537_delta0.13.vnnlib,prepared,unsat,61.06
dist_shift_2023,./onnx/mnist_concat.onnx,./vnnlib/index3863_delta0.13.vnnlib,prepared,unsat,57.29
dist_shift_2023,./onnx/mnist_concat.onnx,./vnnlib/index6792_delta0.13.vnnlib,prepared,unsat,57.31
dist_shift_2023,./onnx/mnist_concat.onnx,./vnnlib/index2481_delta0.13.vnnlib,prepared,unsat,58.18
dist_shift_2023,./onnx/mnist_concat.onnx,./vnnlib/index9027_delta0.13.vnnlib,prepared,unsat,57.34
dist_shift_2023,./onnx/mnist_concat.onnx,./vnnlib/index6136_delta0.13.vnnlib,prepared,unsat,57.39
dist_shift_2023,./onnx/mnist_concat.onnx,./vnnlib/index4799_delta0.13.vnnlib,prepared,unsat,57.40
dist_shift_2023,./onnx/mnist_concat.onnx,./vnnlib/index3444_delta0.13.vnnlib,prepared,unsat,57.42
dist_shift_2023,./onnx/mnist_concat.onnx,./vnnlib/index5328_delta0.13.vnnlib,prepared,unsat,57.29
dist_shift_2023,./onnx/mnist_concat.onnx,./vnnlib/index1031_delta0.13.vnnlib,prepared,unsat,57.27
dist_shift_2023,./onnx/mnist_concat.onnx,./vnnlib/index3401_delta0.13.vnnlib,prepared,unsat,57.77
dist_shift_2023,./onnx/mnist_concat.onnx,./vnnlib/index9101_delta0.13.vnnlib,prepared,unsat,57.31
dist_shift_2023,./onnx/mnist_concat.onnx,./vnnlib/index7109_delta0.13.vnnlib,prepared,unsat,57.46
dist_shift_2023,./onnx/mnist_concat.onnx,./vnnlib/index4312_delta0.13.vnnlib,prepared,sat,0.08
dist_shift_2023,./onnx/mnist_concat.onnx,./vnnlib/index9203_delta0.13.vnnlib,prepared,unsat,57.43
dist_shift_2023,./onnx/mnist_concat.onnx,./vnnlib/index1929_delta0.13.vnnlib,prepared,unsat,57.29
dist_shift_2023,./onnx/mnist_concat.onnx,./vnnlib/index6217_delta0.13.vnnlib,prepared,unsat,57.27
dist_shift_2023,./onnx/mnist_concat.onnx,./vnnlib/index4272_delta0.13.vnnlib,prepared,sat,0.08
dist_shift_2023,./onnx/mnist_concat.onnx,./vnnlib/index316_delta0.13.vnnlib,prepared,unsat,57.30
dist_shift_2023,./onnx/mnist_concat.onnx,./vnnlib/index2750_delta0.13.vnnlib,prepared,unsat,60.47
dist_shift_2023,./onnx/mnist_concat.onnx,./vnnlib/index7336_delta0.13.vnnlib,prepared,unsat,57.29
dist_shift_2023,./onnx/mnist_concat.onnx,./vnnlib/index1453_delta0.13.vnnlib,prepared,unsat,57.36
dist_shift_2023,./onnx/mnist_concat.onnx,./vnnlib/index112_delta0.13.vnnlib,prepared,unsat,59.73
dist_shift_2023,./onnx/mnist_concat.onnx,./vnnlib/index6936_delta0.13.vnnlib,prepared,unsat,57.44
dist_shift_2023,./onnx/mnist_concat.onnx,./vnnlib/index6574_delta0.13.vnnlib,prepared,unsat,57.32
dist_shift_2023,./onnx/mnist_concat.onnx,./vnnlib/index7281_delta0.13.vnnlib,prepared,unsat,57.40
dist_shift_2023,./onnx/mnist_concat.onnx,./vnnlib/index6551_delta0.13.vnnlib,prepared,unsat,57.51
dist_shift_2023,./onnx/mnist_concat.onnx,./vnnlib/index6412_delta0.13.vnnlib,prepared,unsat,57.30
dist_shift_2023,./onnx/mnist_concat.onnx,./vnnlib/index3552_delta0.13.vnnlib,prepared,unsat,57.31
dist_shift_2023,./onnx/mnist_concat.onnx,./vnnlib/index3805_delta0.13.vnnlib,prepared,unsat,57.66
dist_shift_2023,./onnx/mnist_concat.onnx,./vnnlib/index668_delta0.13.vnnlib,prepared,unsat,57.27
dist_shift_2023,./onnx/mnist_concat.onnx,./vnnlib/index7175_delta0.13.vnnlib,prepared,unsat,57.28
dist_shift_2023,./onnx/mnist_concat.onnx,./vnnlib/index4286_delta0.13.vnnlib,prepared,unsat,57.28
dist_shift_2023,./onnx/mnist_concat.onnx,./vnnlib/index5385_delta0.13.vnnlib,prepared,unsat,57.41
dist_shift_2023,./onnx/mnist_concat.onnx,./vnnlib/index5391_delta0.13.vnnlib,prepared,unsat,57.30
dist_shift_2023,./onnx/mnist_concat.onnx,./vnnlib/index6354_delta0.13.vnnlib,prepared,unsat,57.29
dist_shift_2023,./onnx/mnist_concat.onnx,./vnnlib/index5020_delta0.13.vnnlib,prepared,unsat,57.30
dist_shift_2023,./onnx/mnist_concat.onnx,./vnnlib/index7106_delta0.13.vnnlib,prepared,unsat,57.42
dist_shift_2023,./onnx/mnist_concat.onnx,./vnnlib/index4148_delta0.13.vnnlib,prepared,unsat,57.29
dist_shift_2023,./onnx/mnist_concat.onnx,./vnnlib/index6199_delta0.13.vnnlib,prepared,unsat,57.52
dist_shift_2023,./onnx/mnist_concat.onnx,./vnnlib/index7534_delta0.13.vnnlib,prepared,sat,0.08
dist_shift_2023,./onnx/mnist_concat.onnx,./vnnlib/index9021_delta0.13.vnnlib,prepared,unsat,57.30
dist_shift_2023,./onnx/mnist_concat.onnx,./vnnlib/index6107_delta0.13.vnnlib,prepared,unsat,57.64
dist_shift_2023,onnx/test_nano.onnx,vnnlib/test_nano.vnnlib,0,unknown,0,unscored-warmup-absent-from-instances-csv