linearizenn_2024,onnx/AllInOne_10_10.onnx,vnnlib/prop_10_10.vnnlib,prepared,sat,0,linearizenn-r01-10c06d2a-20260731T161801Z
linearizenn_2024,onnx/AllInOne_10_10.onnx,vnnlib/prop_10_10_0.vnnlib,prepared,unsat,375.91
linearizenn_2024,onnx/AllInOne_10_10.onnx,vnnlib/prop_10_10_1.vnnlib,prepared,unsat,375.30
linearizenn_2024,onnx/AllInOne_10_10.onnx,vnnlib/prop_10_10_2.vnnlib,prepared,unsat,375.09
linearizenn_2024,onnx/AllInOne_10_10.onnx,vnnlib/prop_10_10_3.vnnlib,prepared,unsat,377.38
linearizenn_2024,onnx/AllInOne_10_10.onnx,vnnlib/prop_10_10_4.vnnlib,prepared,unsat,375.68
linearizenn_2024,onnx/AllInOne_30_30.onnx,vnnlib/prop_30_30.vnnlib,prepared,unsat,377.60
linearizenn_2024,onnx/AllInOne_30_30.onnx,vnnlib/prop_30_30_0.vnnlib,prepared,unsat,374.53
linearizenn_2024,onnx/AllInOne_30_30.onnx,vnnlib/prop_30_30_1.vnnlib,prepared,unsat,377.31
linearizenn_2024,onnx/AllInOne_30_30.onnx,vnnlib/prop_30_30_2.vnnlib,prepared,unsat,427.54
linearizenn_2024,onnx/AllInOne_30_30.onnx,vnnlib/prop_30_30_3.vnnlib,prepared,unsat,427.54
linearizenn_2024,onnx/AllInOne_30_30.onnx,vnnlib/prop_30_30_4.vnnlib,prepared,unsat,427.54
linearizenn_2024,onnx/AllInOne_30_80.onnx,vnnlib/prop_30_80.vnnlib,prepared,unsat,432.28
linearizenn_2024,onnx/AllInOne_30_80.onnx,vnnlib/prop_30_80_0.vnnlib,prepared,unsat,431.26
linearizenn_2024,onnx/AllInOne_30_80.onnx,vnnlib/prop_30_80_1.vnnlib,prepared,unsat,444.83
linearizenn_2024,onnx/AllInOne_30_80.onnx,vnnlib/prop_30_80_2.vnnlib,prepared,unsat,427.90
linearizenn_2024,onnx/AllInOne_30_80.onnx,vnnlib/prop_30_80_3.vnnlib,prepared,unsat,427.87
linearizenn_2024,onnx/AllInOne_30_80.onnx,vnnlib/prop_30_80_4.vnnlib,prepared,unsat,379.45
linearizenn_2024,onnx/AllInOne_50_50.onnx,vnnlib/prop_50_50.vnnlib,prepared,unsat,380.22
linearizenn_2024,onnx/AllInOne_50_50.onnx,vnnlib/prop_50_50_0.vnnlib,prepared,unsat,374.78
linearizenn_2024,onnx/AllInOne_50_50.onnx,vnnlib/prop_50_50_1.vnnlib,prepared,unsat,372.76
linearizenn_2024,onnx/AllInOne_50_50.onnx,vnnlib/prop_50_50_2.vnnlib,prepared,unsat,379.10
linearizenn_2024,onnx/AllInOne_50_50.onnx,vnnlib/prop_50_50_3.vnnlib,prepared,unsat,373.10
linearizenn_2024,onnx/AllInOne_50_50.onnx,vnnlib/prop_50_50_4.vnnlib,prepared,unsat,391.69
linearizenn_2024,onnx/AllInOne_50_120.onnx,vnnlib/prop_50_120.vnnlib,prepared,unsat,384.31
linearizenn_2024,onnx/AllInOne_50_120.onnx,vnnlib/prop_50_120_0.vnnlib,prepared,unsat,570.19
linearizenn_2024,onnx/AllInOne_50_120.onnx,vnnlib/prop_50_120_1.vnnlib,prepared,unsat,391.52
linearizenn_2024,onnx/AllInOne_50_120.onnx,vnnlib/prop_50_120_2.vnnlib,prepared,unsat,392.55
linearizenn_2024,onnx/AllInOne_50_120.onnx,vnnlib/prop_50_120_3.vnnlib,prepared,unsat,423.56
linearizenn_2024,onnx/AllInOne_50_120.onnx,vnnlib/prop_50_120_4.vnnlib,prepared,unsat,422.63
linearizenn_2024,onnx/AllInOne_80_30.onnx,vnnlib/prop_80_30.vnnlib,prepared,unsat,419.27
linearizenn_2024,onnx/AllInOne_80_30.onnx,vnnlib/prop_80_30_0.vnnlib,prepared,unsat,391.41
linearizenn_2024,onnx/AllInOne_80_30.onnx,vnnlib/prop_80_30_1.vnnlib,prepared,unsat,426.99
linearizenn_2024,onnx/AllInOne_80_30.onnx,vnnlib/prop_80_30_2.vnnlib,prepared,unsat,399.44
linearizenn_2024,onnx/AllInOne_80_30.onnx,vnnlib/prop_80_30_3.vnnlib,prepared,unsat,443.04
linearizenn_2024,onnx/AllInOne_80_30.onnx,vnnlib/prop_80_30_4.vnnlib,prepared,unsat,435.63
linearizenn_2024,onnx/AllInOne_80_80.onnx,vnnlib/prop_80_80.vnnlib,prepared,unsat,408.30
linearizenn_2024,onnx/AllInOne_80_80.onnx,vnnlib/prop_80_80_0.vnnlib,prepared,unsat,406.28
linearizenn_2024,onnx/AllInOne_80_80.onnx,vnnlib/prop_80_80_1.vnnlib,prepared,unsat,401.24
linearizenn_2024,onnx/AllInOne_80_80.onnx,vnnlib/prop_80_80_2.vnnlib,prepared,unsat,401.85
linearizenn_2024,onnx/AllInOne_80_80.onnx,vnnlib/prop_80_80_3.vnnlib,prepared,unsat,413.40
linearizenn_2024,onnx/AllInOne_80_80.onnx,vnnlib/prop_80_80_4.vnnlib,prepared,unsat,407.29
linearizenn_2024,onnx/AllInOne_120_30.onnx,vnnlib/prop_120_30.vnnlib,prepared,unsat,424.88
linearizenn_2024,onnx/AllInOne_120_30.onnx,vnnlib/prop_120_30_0.vnnlib,prepared,unsat,424.18
linearizenn_2024,onnx/AllInOne_120_30.onnx,vnnlib/prop_120_30_1.vnnlib,prepared,unsat,426.33
linearizenn_2024,onnx/AllInOne_120_30.onnx,vnnlib/prop_120_30_2.vnnlib,prepared,unsat,425.65
linearizenn_2024,onnx/AllInOne_120_30.onnx,vnnlib/prop_120_30_3.vnnlib,prepared,unsat,426.64
linearizenn_2024,onnx/AllInOne_120_30.onnx,vnnlib/prop_120_30_4.vnnlib,prepared,unsat,429.07
linearizenn_2024,onnx/AllInOne_120_50.onnx,vnnlib/prop_120_50.vnnlib,prepared,unsat,434.35
linearizenn_2024,onnx/AllInOne_120_50.onnx,vnnlib/prop_120_50_0.vnnlib,prepared,unsat,428.07
linearizenn_2024,onnx/AllInOne_120_50.onnx,vnnlib/prop_120_50_1.vnnlib,prepared,unsat,430.57
linearizenn_2024,onnx/AllInOne_120_50.onnx,vnnlib/prop_120_50_2.vnnlib,prepared,unsat,430.71
linearizenn_2024,onnx/AllInOne_120_50.onnx,vnnlib/prop_120_50_3.vnnlib,prepared,unsat,428.77
linearizenn_2024,onnx/AllInOne_120_50.onnx,vnnlib/prop_120_50_4.vnnlib,prepared,unsat,428.88
linearizenn_2024,onnx/AllInOne_120_120.onnx,vnnlib/prop_120_120.vnnlib,prepared,unsat,512
linearizenn_2024,onnx/AllInOne_120_120.onnx,vnnlib/prop_120_120_0.vnnlib,prepared,unsat,7,linearizenn-row56-clean-86eb26db-r2-20260731T062243Z
linearizenn_2024,onnx/AllInOne_120_120.onnx,vnnlib/prop_120_120_1.vnnlib,prepared,unsat,799.03
linearizenn_2024,onnx/AllInOne_120_120.onnx,vnnlib/prop_120_120_2.vnnlib,prepared,unsat,380.49
linearizenn_2024,onnx/AllInOne_120_120.onnx,vnnlib/prop_120_120_3.vnnlib,prepared,unsat,360.84
linearizenn_2024,onnx/AllInOne_120_120.onnx,vnnlib/prop_120_120_4.vnnlib,prepared,unsat,359.42
linearizenn_2024,onnx/test_nano.onnx,vnnlib/test_nano.vnnlib,0,unsat,1
