ml4acopf_2024,./onnx/14_ieee_ml4acopf-linear-residual.onnx,./vnnlib/14_ieee_prop9.vnnlib,prepared,unknown,518
ml4acopf_2024,./onnx/14_ieee_ml4acopf-linear-residual.onnx,./vnnlib/14_ieee_prop7.vnnlib,prepared,unknown,517
ml4acopf_2024,./onnx/14_ieee_ml4acopf-linear-residual.onnx,./vnnlib/14_ieee_prop2.vnnlib,prepared,timeout,518
ml4acopf_2024,./onnx/14_ieee_ml4acopf-linear-residual.onnx,./vnnlib/14_ieee_prop8.vnnlib,prepared,unknown,517
ml4acopf_2024,./onnx/14_ieee_ml4acopf-linear-residual.onnx,./vnnlib/14_ieee_prop4.vnnlib,prepared,unknown,518
ml4acopf_2024,./onnx/14_ieee_ml4acopf-linear-residual.onnx,./vnnlib/14_ieee_prop6.vnnlib,prepared,unknown,517
ml4acopf_2024,./onnx/14_ieee_ml4acopf-linear-residual.onnx,./vnnlib/14_ieee_prop12.vnnlib,prepared,unknown,517
ml4acopf_2024,./onnx/14_ieee_ml4acopf-linear-residual.onnx,./vnnlib/14_ieee_prop13.vnnlib,prepared,unknown,517
ml4acopf_2024,./onnx/14_ieee_ml4acopf-linear-residual.onnx,./vnnlib/14_ieee_prop11.vnnlib,prepared,unknown,518
ml4acopf_2024,./onnx/14_ieee_ml4acopf-linear-residual.onnx,./vnnlib/14_ieee_prop1.vnnlib,prepared,sat,0
ml4acopf_2024,./onnx/14_ieee_ml4acopf-linear-residual.onnx,./vnnlib/14_ieee_prop3.vnnlib,prepared,unknown,518
ml4acopf_2024,./onnx/14_ieee_ml4acopf-linear-residual.onnx,./vnnlib/14_ieee_prop14.vnnlib,prepared,unknown,517
ml4acopf_2024,./onnx/14_ieee_ml4acopf-linear-residual.onnx,./vnnlib/14_ieee_prop10.vnnlib,prepared,unknown,517
ml4acopf_2024,./onnx/14_ieee_ml4acopf-linear-residual.onnx,./vnnlib/14_ieee_prop5.vnnlib,prepared,unknown,518
ml4acopf_2024,./onnx/118_ieee_ml4acopf.onnx,./vnnlib/118_ieee_prop2.vnnlib,prepared,unknown,281
ml4acopf_2024,./onnx/118_ieee_ml4acopf.onnx,./vnnlib/118_ieee_prop4.vnnlib,prepared,unsat,0
ml4acopf_2024,./onnx/118_ieee_ml4acopf.onnx,./vnnlib/118_ieee_prop3.vnnlib,prepared,unsat,0
ml4acopf_2024,./onnx/118_ieee_ml4acopf.onnx,./vnnlib/118_ieee_prop5.vnnlib,prepared,unknown,181
ml4acopf_2024,./onnx/118_ieee_ml4acopf.onnx,./vnnlib/118_ieee_prop6.vnnlib,prepared,unknown,181
ml4acopf_2024,./onnx/300_ieee_ml4acopf-linear-nonresidual.onnx,./vnnlib/300_ieee_prop3.vnnlib,prepared,unknown,119
ml4acopf_2024,./onnx/300_ieee_ml4acopf-linear-nonresidual.onnx,./vnnlib/300_ieee_prop105.vnnlib,prepared,unknown,118
ml4acopf_2024,./onnx/300_ieee_ml4acopf-linear-nonresidual.onnx,./vnnlib/300_ieee_prop2.vnnlib,prepared,unknown,517
ml4acopf_2024,./onnx/300_ieee_ml4acopf-linear-nonresidual.onnx,./vnnlib/300_ieee_prop4.vnnlib,prepared,unknown,118
ml4acopf_2024,./onnx/14_ieee_ml4acopf-linear-nonresidual.onnx,./vnnlib/14_ieee_prop9.vnnlib,prepared,unknown,518
ml4acopf_2024,./onnx/14_ieee_ml4acopf-linear-nonresidual.onnx,./vnnlib/14_ieee_prop7.vnnlib,prepared,unknown,518
ml4acopf_2024,./onnx/14_ieee_ml4acopf-linear-nonresidual.onnx,./vnnlib/14_ieee_prop2.vnnlib,prepared,timeout,518
ml4acopf_2024,./onnx/14_ieee_ml4acopf-linear-nonresidual.onnx,./vnnlib/14_ieee_prop8.vnnlib,prepared,unknown,518
ml4acopf_2024,./onnx/14_ieee_ml4acopf-linear-nonresidual.onnx,./vnnlib/14_ieee_prop4.vnnlib,prepared,unknown,519
ml4acopf_2024,./onnx/14_ieee_ml4acopf-linear-nonresidual.onnx,./vnnlib/14_ieee_prop6.vnnlib,prepared,unknown,518
ml4acopf_2024,./onnx/14_ieee_ml4acopf-linear-nonresidual.onnx,./vnnlib/14_ieee_prop12.vnnlib,prepared,unknown,518
ml4acopf_2024,./onnx/14_ieee_ml4acopf-linear-nonresidual.onnx,./vnnlib/14_ieee_prop13.vnnlib,prepared,unknown,518
