nn4sys,onnx/test_nano.onnx,vnnlib/test_nano.vnnlib,0,unsat,0
nn4sys,onnx/pensieve_small_simple.onnx,vnnlib/pensieve_simple_0.vnnlib,0,unsat,0
nn4sys,onnx/pensieve_big_parallel.onnx,vnnlib/pensieve_parallel_1.vnnlib,0,unsat,0
nn4sys,onnx/pensieve_small_simple.onnx,vnnlib/pensieve_simple_2.vnnlib,0,unsat,0
nn4sys,onnx/pensieve_small_simple.onnx,vnnlib/pensieve_simple_3.vnnlib,0,unsat,0
nn4sys,onnx/pensieve_small_parallel.onnx,vnnlib/pensieve_parallel_4.vnnlib,0,unsat,0
nn4sys,onnx/pensieve_small_simple.onnx,vnnlib/pensieve_simple_5.vnnlib,0,unsat,1
nn4sys,onnx/pensieve_mid_simple.onnx,vnnlib/pensieve_simple_6.vnnlib,0,unsat,0
nn4sys,onnx/pensieve_big_simple.onnx,vnnlib/pensieve_simple_7.vnnlib,0,unsat,0
nn4sys,onnx/pensieve_big_parallel.onnx,vnnlib/pensieve_parallel_8.vnnlib,0,unsat,0
nn4sys,onnx/pensieve_small_parallel.onnx,vnnlib/pensieve_parallel_9.vnnlib,0,unsat,0
nn4sys,onnx/pensieve_big_simple.onnx,vnnlib/pensieve_simple_10.vnnlib,0,unsat,0
nn4sys,onnx/pensieve_mid_simple.onnx,vnnlib/pensieve_simple_11.vnnlib,0,unsat,0
nn4sys,onnx/pensieve_big_simple.onnx,vnnlib/pensieve_simple_12.vnnlib,0,unsat,0
nn4sys,onnx/pensieve_small_simple.onnx,vnnlib/pensieve_simple_13.vnnlib,0,unsat,0
nn4sys,onnx/pensieve_big_simple.onnx,vnnlib/pensieve_simple_14.vnnlib,0,unsat,0
nn4sys,onnx/pensieve_small_simple.onnx,vnnlib/pensieve_simple_15.vnnlib,0,unsat,0
nn4sys,onnx/pensieve_small_simple.onnx,vnnlib/pensieve_simple_16.vnnlib,0,unsat,0
nn4sys,onnx/pensieve_small_parallel.onnx,vnnlib/pensieve_parallel_17.vnnlib,0,unsat,0
nn4sys,onnx/pensieve_small_simple.onnx,vnnlib/pensieve_simple_18.vnnlib,0,unsat,1
nn4sys,onnx/pensieve_small_parallel.onnx,vnnlib/pensieve_parallel_19.vnnlib,0,unsat,0
nn4sys,onnx/pensieve_small_parallel.onnx,vnnlib/pensieve_parallel_20.vnnlib,0,unsat,0
nn4sys,onnx/pensieve_mid_simple.onnx,vnnlib/pensieve_simple_21.vnnlib,0,unsat,0
nn4sys,onnx/pensieve_big_simple.onnx,vnnlib/pensieve_simple_22.vnnlib,0,unsat,0
nn4sys,onnx/pensieve_big_parallel.onnx,vnnlib/pensieve_parallel_23.vnnlib,0,unsat,0
nn4sys,onnx/pensieve_big_parallel.onnx,vnnlib/pensieve_parallel_24.vnnlib,0,unsat,0
nn4sys,onnx/pensieve_big_simple.onnx,vnnlib/pensieve_simple_25.vnnlib,0,unsat,0
nn4sys,onnx/pensieve_big_simple.onnx,vnnlib/pensieve_simple_26.vnnlib,0,unsat,1
nn4sys,onnx/pensieve_small_parallel.onnx,vnnlib/pensieve_parallel_27.vnnlib,0,unsat,0
nn4sys,onnx/pensieve_small_simple.onnx,vnnlib/pensieve_simple_28.vnnlib,0,unsat,0
nn4sys,onnx/pensieve_big_simple.onnx,vnnlib/pensieve_simple_29.vnnlib,0,unsat,0
nn4sys,onnx/pensieve_big_parallel.onnx,vnnlib/pensieve_parallel_30.vnnlib,0,unsat,0
nn4sys,onnx/pensieve_big_simple.onnx,vnnlib/pensieve_simple_31.vnnlib,0,unsat,0
nn4sys,onnx/pensieve_small_parallel.onnx,vnnlib/pensieve_parallel_32.vnnlib,0,unsat,0
nn4sys,onnx/pensieve_small_parallel.onnx,vnnlib/pensieve_parallel_33.vnnlib,0,unsat,0
nn4sys,onnx/pensieve_small_simple.onnx,vnnlib/pensieve_simple_34.vnnlib,0,unsat,0
nn4sys,onnx/pensieve_big_parallel.onnx,vnnlib/pensieve_parallel_35.vnnlib,0,unsat,1
nn4sys,onnx/pensieve_big_parallel.onnx,vnnlib/pensieve_parallel_36.vnnlib,0,unsat,0
nn4sys,onnx/pensieve_big_parallel.onnx,vnnlib/pensieve_parallel_37.vnnlib,0,unsat,0
nn4sys,onnx/pensieve_big_parallel.onnx,vnnlib/pensieve_parallel_38.vnnlib,0,unsat,0
nn4sys,onnx/pensieve_big_parallel.onnx,vnnlib/pensieve_parallel_39.vnnlib,0,unsat,1
nn4sys,onnx/pensieve_big_parallel.onnx,vnnlib/pensieve_parallel_40.vnnlib,0,unsat,0
nn4sys,onnx/pensieve_big_parallel.onnx,vnnlib/pensieve_parallel_41.vnnlib,0,unsat,0
nn4sys,onnx/pensieve_big_parallel.onnx,vnnlib/pensieve_parallel_42.vnnlib,0,unsat,1
nn4sys,onnx/pensieve_big_parallel.onnx,vnnlib/pensieve_parallel_43.vnnlib,0,unsat,0
nn4sys,onnx/pensieve_big_parallel.onnx,vnnlib/pensieve_parallel_44.vnnlib,0,unsat,0
nn4sys,onnx/pensieve_big_parallel.onnx,vnnlib/pensieve_parallel_45.vnnlib,0,unsat,0
nn4sys,onnx/pensieve_big_parallel.onnx,vnnlib/pensieve_parallel_46.vnnlib,0,unsat,1
nn4sys,onnx/pensieve_big_parallel.onnx,vnnlib/pensieve_parallel_47.vnnlib,0,unsat,0
nn4sys,onnx/pensieve_big_parallel.onnx,vnnlib/pensieve_parallel_48.vnnlib,0,unsat,0
nn4sys,onnx/pensieve_big_parallel.onnx,vnnlib/pensieve_parallel_49.vnnlib,0,unsat,1
nn4sys,onnx/pensieve_big_parallel.onnx,vnnlib/pensieve_parallel_50.vnnlib,0,unsat,0
nn4sys,onnx/pensieve_big_parallel.onnx,vnnlib/pensieve_parallel_51.vnnlib,0,unsat,0
nn4sys,onnx/pensieve_big_parallel.onnx,vnnlib/pensieve_parallel_52.vnnlib,0,unsat,0
nn4sys,onnx/pensieve_big_parallel.onnx,vnnlib/pensieve_parallel_53.vnnlib,0,unsat,1
nn4sys,onnx/pensieve_big_parallel.onnx,vnnlib/pensieve_parallel_54.vnnlib,0,unsat,0
nn4sys,onnx/pensieve_big_parallel.onnx,vnnlib/pensieve_parallel_55.vnnlib,0,unsat,0
nn4sys,onnx/pensieve_big_parallel.onnx,vnnlib/pensieve_parallel_56.vnnlib,0,unsat,1
nn4sys,onnx/pensieve_big_parallel.onnx,vnnlib/pensieve_parallel_57.vnnlib,0,unsat,0
nn4sys,onnx/pensieve_big_parallel.onnx,vnnlib/pensieve_parallel_58.vnnlib,0,unsat,0
nn4sys,onnx/pensieve_big_parallel.onnx,vnnlib/pensieve_parallel_59.vnnlib,0,unsat,0
nn4sys,onnx/pensieve_big_parallel.onnx,vnnlib/pensieve_parallel_60.vnnlib,0,unsat,1
nn4sys,onnx/pensieve_big_parallel.onnx,vnnlib/pensieve_parallel_61.vnnlib,0,unsat,0
nn4sys,onnx/pensieve_big_parallel.onnx,vnnlib/pensieve_parallel_62.vnnlib,0,unsat,0
nn4sys,onnx/pensieve_big_parallel.onnx,vnnlib/pensieve_parallel_63.vnnlib,0,unsat,1
nn4sys,onnx/pensieve_big_parallel.onnx,vnnlib/pensieve_parallel_64.vnnlib,0,unsat,0
nn4sys,onnx/pensieve_big_parallel.onnx,vnnlib/pensieve_parallel_65.vnnlib,0,unsat,0
nn4sys,onnx/pensieve_big_parallel.onnx,vnnlib/pensieve_parallel_66.vnnlib,0,unsat,1
nn4sys,onnx/pensieve_big_parallel.onnx,vnnlib/pensieve_parallel_67.vnnlib,0,unsat,0
nn4sys,onnx/pensieve_big_parallel.onnx,vnnlib/pensieve_parallel_68.vnnlib,0,unsat,0
nn4sys,onnx/pensieve_big_parallel.onnx,vnnlib/pensieve_parallel_69.vnnlib,0,unsat,0
nn4sys,onnx/pensieve_big_parallel.onnx,vnnlib/pensieve_parallel_70.vnnlib,0,unsat,1
nn4sys,onnx/pensieve_big_parallel.onnx,vnnlib/pensieve_parallel_71.vnnlib,0,unsat,0
nn4sys,onnx/pensieve_big_parallel.onnx,vnnlib/pensieve_parallel_72.vnnlib,0,unsat,0
nn4sys,onnx/pensieve_big_parallel.onnx,vnnlib/pensieve_parallel_73.vnnlib,0,unsat,1
nn4sys,onnx/pensieve_big_parallel.onnx,vnnlib/pensieve_parallel_74.vnnlib,0,unsat,0
nn4sys,onnx/pensieve_big_parallel.onnx,vnnlib/pensieve_parallel_75.vnnlib,0,unsat,0
nn4sys,onnx/pensieve_big_parallel.onnx,vnnlib/pensieve_parallel_76.vnnlib,0,unsat,0
nn4sys,onnx/pensieve_big_parallel.onnx,vnnlib/pensieve_parallel_77.vnnlib,0,unsat,1
nn4sys,onnx/pensieve_big_parallel.onnx,vnnlib/pensieve_parallel_78.vnnlib,0,unsat,0
nn4sys,onnx/pensieve_big_parallel.onnx,vnnlib/pensieve_parallel_79.vnnlib,0,unsat,0
nn4sys,onnx/pensieve_big_parallel.onnx,vnnlib/pensieve_parallel_80.vnnlib,0,unsat,1
nn4sys,onnx/pensieve_big_parallel.onnx,vnnlib/pensieve_parallel_81.vnnlib,0,unsat,0
nn4sys,onnx/pensieve_big_parallel.onnx,vnnlib/pensieve_parallel_82.vnnlib,0,unsat,0
nn4sys,onnx/pensieve_big_parallel.onnx,vnnlib/pensieve_parallel_83.vnnlib,0,unsat,0
nn4sys,onnx/pensieve_big_parallel.onnx,vnnlib/pensieve_parallel_84.vnnlib,0,unsat,1
nn4sys,onnx/pensieve_big_parallel.onnx,vnnlib/pensieve_parallel_85.vnnlib,0,unsat,0
nn4sys,onnx/pensieve_big_parallel.onnx,vnnlib/pensieve_parallel_86.vnnlib,0,unsat,0
nn4sys,onnx/pensieve_big_parallel.onnx,vnnlib/pensieve_parallel_87.vnnlib,0,unsat,1
nn4sys,onnx/pensieve_big_parallel.onnx,vnnlib/pensieve_parallel_88.vnnlib,0,unsat,0
nn4sys,onnx/pensieve_big_parallel.onnx,vnnlib/pensieve_parallel_89.vnnlib,0,unsat,0
nn4sys,onnx/pensieve_big_parallel.onnx,vnnlib/pensieve_parallel_90.vnnlib,0,unsat,0
nn4sys,onnx/pensieve_big_parallel.onnx,vnnlib/pensieve_parallel_91.vnnlib,0,unsat,1
nn4sys,onnx/pensieve_big_parallel.onnx,vnnlib/pensieve_parallel_92.vnnlib,0,unsat,0
nn4sys,onnx/pensieve_big_parallel.onnx,vnnlib/pensieve_parallel_93.vnnlib,0,unsat,0
nn4sys,onnx/pensieve_big_parallel.onnx,vnnlib/pensieve_parallel_94.vnnlib,0,unsat,1
nn4sys,onnx/pensieve_big_parallel.onnx,vnnlib/pensieve_parallel_95.vnnlib,0,unsat,0
nn4sys,onnx/pensieve_big_parallel.onnx,vnnlib/pensieve_parallel_96.vnnlib,0,unsat,0
nn4sys,onnx/pensieve_big_parallel.onnx,vnnlib/pensieve_parallel_97.vnnlib,0,unsat,0
nn4sys,onnx/pensieve_big_parallel.onnx,vnnlib/pensieve_parallel_98.vnnlib,0,unsat,1
nn4sys,onnx/pensieve_big_parallel.onnx,vnnlib/pensieve_parallel_99.vnnlib,0,unsat,0
nn4sys,onnx/pensieve_big_parallel.onnx,vnnlib/pensieve_parallel_100.vnnlib,0,unsat,0
nn4sys,onnx/pensieve_big_parallel.onnx,vnnlib/pensieve_parallel_101.vnnlib,0,unsat,1
nn4sys,onnx/pensieve_big_parallel.onnx,vnnlib/pensieve_parallel_102.vnnlib,0,unsat,0
nn4sys,onnx/pensieve_big_parallel.onnx,vnnlib/pensieve_parallel_103.vnnlib,0,unsat,0
nn4sys,onnx/pensieve_big_parallel.onnx,vnnlib/pensieve_parallel_104.vnnlib,0,unsat,0
nn4sys,onnx/lindex.onnx,vnnlib/lindex_1.vnnlib,0,unsat,1
nn4sys,onnx/lindex_deep.onnx,vnnlib/lindex_1.vnnlib,0,unsat,0
nn4sys,onnx/lindex.onnx,vnnlib/lindex_200.vnnlib,0,unsat,0
nn4sys,onnx/lindex_deep.onnx,vnnlib/lindex_200.vnnlib,0,unsat,1
nn4sys,onnx/lindex.onnx,vnnlib/lindex_400.vnnlib,0,unsat,0
nn4sys,onnx/lindex_deep.onnx,vnnlib/lindex_400.vnnlib,0,unsat,1
nn4sys,onnx/lindex.onnx,vnnlib/lindex_600.vnnlib,0,unsat,1
nn4sys,onnx/lindex_deep.onnx,vnnlib/lindex_600.vnnlib,0,unsat,2
nn4sys,onnx/lindex.onnx,vnnlib/lindex_800.vnnlib,0,unsat,1
nn4sys,onnx/lindex_deep.onnx,vnnlib/lindex_800.vnnlib,0,unsat,2
nn4sys,onnx/lindex.onnx,vnnlib/lindex_1000.vnnlib,0,unsat,2
nn4sys,onnx/lindex_deep.onnx,vnnlib/lindex_1000.vnnlib,0,unsat,2
nn4sys,onnx/lindex.onnx,vnnlib/lindex_3000.vnnlib,0,unsat,6
nn4sys,onnx/lindex_deep.onnx,vnnlib/lindex_3000.vnnlib,0,unsat,6
nn4sys,onnx/lindex.onnx,vnnlib/lindex_5000.vnnlib,0,unsat,8
nn4sys,onnx/lindex_deep.onnx,vnnlib/lindex_5000.vnnlib,0,unsat,11
nn4sys,onnx/lindex.onnx,vnnlib/lindex_7000.vnnlib,0,unsat,13
nn4sys,onnx/lindex_deep.onnx,vnnlib/lindex_7000.vnnlib,0,unsat,18
nn4sys,onnx/lindex.onnx,vnnlib/lindex_9000.vnnlib,0,unsat,21
nn4sys,onnx/lindex_deep.onnx,vnnlib/lindex_9000.vnnlib,0,unsat,22
nn4sys,onnx/lindex.onnx,vnnlib/lindex_10000.vnnlib,0,unsat,22
nn4sys,onnx/lindex_deep.onnx,vnnlib/lindex_10000.vnnlib,0,unsat,24
nn4sys,onnx/lindex.onnx,vnnlib/lindex_60000.vnnlib,0,unsat,2
nn4sys,onnx/lindex_deep.onnx,vnnlib/lindex_60000.vnnlib,0,unsat,2
nn4sys,onnx/mscn_128d.onnx,vnnlib/cardinality_0_1_128.vnnlib,0,unsat,0
nn4sys,onnx/mscn_128d.onnx,vnnlib/cardinality_0_500_128.vnnlib,0,unsat,4
nn4sys,onnx/mscn_128d.onnx,vnnlib/cardinality_0_750_128.vnnlib,0,unsat,5
nn4sys,onnx/mscn_128d.onnx,vnnlib/cardinality_0_1000_128.vnnlib,0,unsat,7
nn4sys,onnx/mscn_128d.onnx,vnnlib/cardinality_0_2120_128.vnnlib,0,unsat,14
nn4sys,onnx/mscn_128d.onnx,vnnlib/cardinality_0_2680_128.vnnlib,0,unsat,17
nn4sys,onnx/mscn_128d.onnx,vnnlib/cardinality_0_3240_128.vnnlib,0,unsat,21
nn4sys,onnx/mscn_128d.onnx,vnnlib/cardinality_0_3800_128.vnnlib,0,unsat,25
nn4sys,onnx/mscn_128d_dual.onnx,vnnlib/cardinality_1_1_128_dual.vnnlib,0,unsat,0
nn4sys,onnx/mscn_128d_dual.onnx,vnnlib/cardinality_1_240_128_dual.vnnlib,0,unsat,8
nn4sys,onnx/mscn_128d_dual.onnx,vnnlib/cardinality_1_360_128_dual.vnnlib,0,unsat,12
nn4sys,onnx/mscn_128d_dual.onnx,vnnlib/cardinality_1_480_128_dual.vnnlib,0,unsat,15
nn4sys,onnx/mscn_128d_dual.onnx,vnnlib/cardinality_1_600_128_dual.vnnlib,0,unsat,18
nn4sys,onnx/mscn_128d_dual.onnx,vnnlib/cardinality_1_720_128_dual.vnnlib,0,unsat,25
nn4sys,onnx/mscn_128d_dual.onnx,vnnlib/cardinality_1_840_128_dual.vnnlib,0,unsat,29
nn4sys,onnx/mscn_128d_dual.onnx,vnnlib/cardinality_1_960_128_dual.vnnlib,0,unsat,26
nn4sys,onnx/mscn_128d_dual.onnx,vnnlib/cardinality_1_2260_128_dual.vnnlib,0,unsat,70
nn4sys,onnx/mscn_128d_dual.onnx,vnnlib/cardinality_1_2890_128_dual.vnnlib,0,unsat,103
nn4sys,onnx/mscn_128d_dual.onnx,vnnlib/cardinality_1_3520_128_dual.vnnlib,0,unsat,61
nn4sys,onnx/mscn_128d_dual.onnx,vnnlib/cardinality_1_4150_128_dual.vnnlib,0,unsat,89
nn4sys,onnx/mscn_128d_dual.onnx,vnnlib/cardinality_1_4780_128_dual.vnnlib,0,unsat,75
nn4sys,onnx/mscn_128d_dual.onnx,vnnlib/cardinality_1_5410_128_dual.vnnlib,0,unsat,77
nn4sys,onnx/mscn_128d_dual.onnx,vnnlib/cardinality_1_6040_128_dual.vnnlib,0,unsat,83
nn4sys,onnx/mscn_128d_dual.onnx,vnnlib/cardinality_1_6670_128_dual.vnnlib,0,unsat,95
nn4sys,onnx/mscn_128d_dual.onnx,vnnlib/cardinality_1_7300_128_dual.vnnlib,0,unsat,111
nn4sys,onnx/mscn_128d_dual.onnx,vnnlib/cardinality_1_7930_128_dual.vnnlib,0,unsat,126
nn4sys,onnx/mscn_128d_dual.onnx,vnnlib/cardinality_1_8560_128_dual.vnnlib,0,unsat,119
nn4sys,onnx/mscn_128d_dual.onnx,vnnlib/cardinality_1_9190_128_dual.vnnlib,0,unsat,137
nn4sys,onnx/mscn_128d_dual.onnx,vnnlib/cardinality_1_9820_128_dual.vnnlib,0,unsat,131
nn4sys,onnx/mscn_128d_dual.onnx,vnnlib/cardinality_1_10450_128_dual.vnnlib,0,unsat,159
nn4sys,onnx/mscn_128d_dual.onnx,vnnlib/cardinality_1_11080_128_dual.vnnlib,0,unsat,182
nn4sys,onnx/mscn_2048d.onnx,vnnlib/cardinality_0_1_2048.vnnlib,0,unsat,7
nn4sys,onnx/mscn_2048d.onnx,vnnlib/cardinality_0_500_2048.vnnlib,0,timeout,18
nn4sys,onnx/mscn_2048d.onnx,vnnlib/cardinality_0_750_2048.vnnlib,0,timeout,40
nn4sys,onnx/mscn_2048d.onnx,vnnlib/cardinality_0_1000_2048.vnnlib,0,timeout,40
nn4sys,onnx/mscn_2048d.onnx,vnnlib/cardinality_0_2120_2048.vnnlib,0,timeout,65
nn4sys,onnx/mscn_2048d.onnx,vnnlib/cardinality_0_2680_2048.vnnlib,0,timeout,85
nn4sys,onnx/mscn_2048d.onnx,vnnlib/cardinality_0_3240_2048.vnnlib,0,timeout,105
nn4sys,onnx/mscn_2048d.onnx,vnnlib/cardinality_0_3800_2048.vnnlib,0,timeout,105
nn4sys,onnx/mscn_2048d.onnx,vnnlib/cardinality_0_4360_2048.vnnlib,0,timeout,111
nn4sys,onnx/mscn_2048d.onnx,vnnlib/cardinality_0_4920_2048.vnnlib,0,timeout,110
nn4sys,onnx/mscn_2048d.onnx,vnnlib/cardinality_0_5480_2048.vnnlib,0,timeout,110
nn4sys,onnx/mscn_2048d_dual.onnx,vnnlib/cardinality_1_1_2048_dual.vnnlib,0,unsat,16
nn4sys,onnx/mscn_2048d_dual.onnx,vnnlib/cardinality_1_240_2048_dual.vnnlib,0,timeout,103
nn4sys,onnx/mscn_2048d_dual.onnx,vnnlib/cardinality_1_360_2048_dual.vnnlib,0,timeout,106
nn4sys,onnx/mscn_2048d_dual.onnx,vnnlib/cardinality_1_480_2048_dual.vnnlib,0,timeout,108
nn4sys,onnx/mscn_2048d_dual.onnx,vnnlib/cardinality_1_600_2048_dual.vnnlib,0,timeout,108
nn4sys,onnx/mscn_2048d_dual.onnx,vnnlib/cardinality_1_720_2048_dual.vnnlib,0,timeout,108
nn4sys,onnx/mscn_2048d_dual.onnx,vnnlib/cardinality_1_840_2048_dual.vnnlib,0,timeout,110
nn4sys,onnx/mscn_2048d_dual.onnx,vnnlib/cardinality_1_960_2048_dual.vnnlib,0,timeout,110
nn4sys,onnx/mscn_2048d_dual.onnx,vnnlib/cardinality_1_2260_2048_dual.vnnlib,0,timeout,110
nn4sys,onnx/mscn_2048d_dual.onnx,vnnlib/cardinality_1_2890_2048_dual.vnnlib,0,timeout,110
nn4sys,onnx/mscn_2048d_dual.onnx,vnnlib/cardinality_1_3520_2048_dual.vnnlib,0,timeout,110
nn4sys,onnx/mscn_2048d_dual.onnx,vnnlib/cardinality_1_4150_2048_dual.vnnlib,0,timeout,112
nn4sys,onnx/mscn_2048d_dual.onnx,vnnlib/cardinality_1_4780_2048_dual.vnnlib,0,timeout,110
nn4sys,onnx/mscn_2048d_dual.onnx,vnnlib/cardinality_1_5410_2048_dual.vnnlib,0,timeout,110
nn4sys,onnx/mscn_2048d_dual.onnx,vnnlib/cardinality_1_6040_2048_dual.vnnlib,0,timeout,110
nn4sys,onnx/mscn_2048d_dual.onnx,vnnlib/cardinality_1_6670_2048_dual.vnnlib,0,timeout,110
nn4sys,onnx/mscn_2048d_dual.onnx,vnnlib/cardinality_1_7300_2048_dual.vnnlib,0,timeout,110
nn4sys,onnx/mscn_2048d_dual.onnx,vnnlib/cardinality_1_7930_2048_dual.vnnlib,0,timeout,110
nn4sys,onnx/mscn_2048d_dual.onnx,vnnlib/cardinality_1_8560_2048_dual.vnnlib,0,timeout,110
nn4sys,onnx/mscn_2048d_dual.onnx,vnnlib/cardinality_1_9190_2048_dual.vnnlib,0,timeout,111
nn4sys,onnx/mscn_2048d_dual.onnx,vnnlib/cardinality_1_9820_2048_dual.vnnlib,0,timeout,110
nn4sys,onnx/mscn_2048d_dual.onnx,vnnlib/cardinality_1_10450_2048_dual.vnnlib,0,timeout,111
nn4sys,onnx/mscn_2048d_dual.onnx,vnnlib/cardinality_1_11080_2048_dual.vnnlib,0,timeout,110
