sat_relu,onnx/sat_v30_c38.onnx,vnnlib/sat_v30_c38.vnnlib,prepared,sat,0.04
sat_relu,onnx/unsat_v30_c38.onnx,vnnlib/unsat_v30_c38.vnnlib,prepared,unsat,36.39
sat_relu,onnx/sat_v65_c187.onnx,vnnlib/sat_v65_c187.vnnlib,prepared,sat,0.24
sat_relu,onnx/unsat_v65_c187.onnx,vnnlib/unsat_v65_c187.vnnlib,prepared,unsat,90.80
sat_relu,onnx/sat_v91_c217.onnx,vnnlib/sat_v91_c217.vnnlib,prepared,sat,1.34
sat_relu,onnx/unsat_v91_c217.onnx,vnnlib/unsat_v91_c217.vnnlib,prepared,unsat,90.10
sat_relu,onnx/sat_v14_c57.onnx,vnnlib/sat_v14_c57.vnnlib,prepared,sat,0.29
sat_relu,onnx/unsat_v14_c57.onnx,vnnlib/unsat_v14_c57.vnnlib,prepared,unsat,5.14
sat_relu,onnx/sat_v95_c275.onnx,vnnlib/sat_v95_c275.vnnlib,prepared,sat,0.08
sat_relu,onnx/unsat_v95_c275.onnx,vnnlib/unsat_v95_c275.vnnlib,prepared,unsat,94.21
sat_relu,onnx/sat_v6_c27.onnx,vnnlib/sat_v6_c27.vnnlib,prepared,sat,0.51
sat_relu,onnx/unsat_v6_c30.onnx,vnnlib/unsat_v6_c30.vnnlib,prepared,unsat,0.57
sat_relu,onnx/sat_v6_c27.onnx,vnnlib/sat_v6_c27.vnnlib,prepared,sat,0.64
sat_relu,onnx/unsat_v6_c30.onnx,vnnlib/unsat_v6_c30.vnnlib,prepared,unsat,0.82
sat_relu,onnx/sat_v100_c373.onnx,vnnlib/sat_v100_c373.vnnlib,prepared,sat,15
sat_relu,onnx/unsat_v100_c373.onnx,vnnlib/unsat_v100_c373.vnnlib,prepared,unsat,0
sat_relu,onnx/sat_v51_c255.onnx,vnnlib/sat_v51_c255.vnnlib,prepared,sat,1.48
sat_relu,onnx/unsat_v51_c255.onnx,vnnlib/unsat_v51_c255.vnnlib,prepared,unsat,103.31
sat_relu,onnx/sat_v25_c45.onnx,vnnlib/sat_v25_c45.vnnlib,prepared,sat,0.25
sat_relu,onnx/unsat_v25_c45.onnx,vnnlib/unsat_v25_c45.vnnlib,prepared,unsat,45.40
sat_relu,onnx/sat_v90_c111.onnx,vnnlib/sat_v90_c111.vnnlib,prepared,sat,0.26
sat_relu,onnx/unsat_v90_c111.onnx,vnnlib/unsat_v90_c111.vnnlib,prepared,unsat,91.29
sat_relu,onnx/sat_v63_c267.onnx,vnnlib/sat_v63_c267.vnnlib,prepared,sat,26
sat_relu,onnx/unsat_v63_c267.onnx,vnnlib/unsat_v63_c267.vnnlib,prepared,unsat,100.85
sat_relu,onnx/sat_v18_c87.onnx,vnnlib/sat_v18_c87.vnnlib,prepared,sat,38.78
sat_relu,onnx/unsat_v18_c88.onnx,vnnlib/unsat_v18_c88.vnnlib,prepared,unsat,39.03
sat_relu,onnx/sat_v92_c117.onnx,vnnlib/sat_v92_c117.vnnlib,prepared,sat,0.09
sat_relu,onnx/unsat_v92_c117.onnx,vnnlib/unsat_v92_c117.vnnlib,prepared,unsat,93.20
sat_relu,onnx/sat_v94_c313.onnx,vnnlib/sat_v94_c313.vnnlib,prepared,sat,11.08
sat_relu,onnx/unsat_v94_c313.onnx,vnnlib/unsat_v94_c313.vnnlib,prepared,unsat,0
sat_relu,onnx/sat_v24_c66.onnx,vnnlib/sat_v24_c66.vnnlib,prepared,sat,0.09
sat_relu,onnx/unsat_v24_c66.onnx,vnnlib/unsat_v24_c66.vnnlib,prepared,unsat,51.64
sat_relu,onnx/sat_v67_c154.onnx,vnnlib/sat_v67_c154.vnnlib,prepared,sat,0.24
sat_relu,onnx/unsat_v67_c154.onnx,vnnlib/unsat_v67_c154.vnnlib,prepared,unsat,90.75
sat_relu,onnx/sat_v58_c75.onnx,vnnlib/sat_v58_c75.vnnlib,prepared,sat,0.08
sat_relu,onnx/unsat_v58_c75.onnx,vnnlib/unsat_v58_c75.vnnlib,prepared,unsat,86.81
sat_relu,onnx/sat_v40_c142.onnx,vnnlib/sat_v40_c142.vnnlib,prepared,sat,0.34
sat_relu,onnx/unsat_v40_c142.onnx,vnnlib/unsat_v40_c142.vnnlib,prepared,unsat,81.08
sat_relu,onnx/sat_v26_c84.onnx,vnnlib/sat_v26_c84.vnnlib,prepared,sat,5.13
sat_relu,onnx/unsat_v26_c84.onnx,vnnlib/unsat_v26_c84.vnnlib,prepared,unsat,56.50
sat_relu,onnx/sat_v46_c142.onnx,vnnlib/sat_v46_c142.vnnlib,prepared,sat,7.00
sat_relu,onnx/unsat_v46_c142.onnx,vnnlib/unsat_v46_c142.vnnlib,prepared,unsat,91.52
sat_relu,onnx/sat_v56_c239.onnx,vnnlib/sat_v56_c239.vnnlib,prepared,sat,5
sat_relu,onnx/unsat_v56_c239.onnx,vnnlib/unsat_v56_c239.vnnlib,prepared,unsat,101.18
sat_relu,onnx/sat_v10_c26.onnx,vnnlib/sat_v10_c26.vnnlib,prepared,sat,0.08
sat_relu,onnx/unsat_v10_c26.onnx,vnnlib/unsat_v10_c26.vnnlib,prepared,unsat,1.88
sat_relu,onnx/sat_v73_c156.onnx,vnnlib/sat_v73_c156.vnnlib,prepared,sat,0.18
sat_relu,onnx/unsat_v73_c156.onnx,vnnlib/unsat_v73_c156.vnnlib,prepared,unsat,101.24
sat_relu,onnx/sat_v85_c186.onnx,vnnlib/sat_v85_c186.vnnlib,prepared,sat,1.43
sat_relu,onnx/unsat_v85_c186.onnx,vnnlib/unsat_v85_c186.vnnlib,prepared,unsat,93.32
sat_relu,onnx/sat_v54_c125.onnx,vnnlib/sat_v54_c125.vnnlib,prepared,sat,0.09
sat_relu,onnx/unsat_v54_c125.onnx,vnnlib/unsat_v54_c125.vnnlib,prepared,unsat,90.08
sat_relu,onnx/sat_v9_c9.onnx,vnnlib/sat_v9_c9.vnnlib,prepared,sat,0.05
sat_relu,onnx/unsat_v9_c9.onnx,vnnlib/unsat_v9_c9.vnnlib,prepared,unsat,1.71
sat_relu,onnx/sat_v9_c14.onnx,vnnlib/sat_v9_c14.vnnlib,prepared,sat,0.08
sat_relu,onnx/unsat_v9_c14.onnx,vnnlib/unsat_v9_c14.vnnlib,prepared,unsat,2.20
sat_relu,onnx/sat_v92_c180.onnx,vnnlib/sat_v92_c180.vnnlib,prepared,sat,0.20
sat_relu,onnx/unsat_v92_c180.onnx,vnnlib/unsat_v92_c180.vnnlib,prepared,unsat,92.64
sat_relu,onnx/sat_v83_c328.onnx,vnnlib/sat_v83_c328.vnnlib,prepared,sat,9
sat_relu,onnx/unsat_v83_c328.onnx,vnnlib/unsat_v83_c328.vnnlib,prepared,unsat,0
sat_relu,onnx/sat_v37_c63.onnx,vnnlib/sat_v37_c63.vnnlib,prepared,sat,0.25
sat_relu,onnx/unsat_v37_c63.onnx,vnnlib/unsat_v37_c63.vnnlib,prepared,unsat,52.30
sat_relu,onnx/sat_v99_c485.onnx,vnnlib/sat_v99_c485.vnnlib,prepared,sat,15
sat_relu,onnx/unsat_v99_c485.onnx,vnnlib/unsat_v99_c485.vnnlib,prepared,unsat,0
sat_relu,onnx/sat_v94_c377.onnx,vnnlib/sat_v94_c377.vnnlib,prepared,sat,6.72
sat_relu,onnx/unsat_v94_c377.onnx,vnnlib/unsat_v94_c377.vnnlib,prepared,unsat,1
sat_relu,onnx/sat_v87_c243.onnx,vnnlib/sat_v87_c243.vnnlib,prepared,sat,0.09
sat_relu,onnx/unsat_v87_c243.onnx,vnnlib/unsat_v87_c243.vnnlib,prepared,unsat,92.64
sat_relu,onnx/sat_v25_c40.onnx,vnnlib/sat_v25_c40.vnnlib,prepared,sat,0.08
sat_relu,onnx/unsat_v25_c40.onnx,vnnlib/unsat_v25_c40.vnnlib,prepared,unsat,45.69
sat_relu,onnx/sat_v34_c98.onnx,vnnlib/sat_v34_c98.vnnlib,prepared,sat,0.35
sat_relu,onnx/unsat_v34_c98.onnx,vnnlib/unsat_v34_c98.vnnlib,prepared,unsat,73.03
sat_relu,onnx/sat_v70_c178.onnx,vnnlib/sat_v70_c178.vnnlib,prepared,sat,4.11
sat_relu,onnx/unsat_v70_c178.onnx,vnnlib/unsat_v70_c178.vnnlib,prepared,unsat,91.07
sat_relu,onnx/sat_v20_c40.onnx,vnnlib/sat_v20_c40.vnnlib,prepared,sat,0.08
sat_relu,onnx/unsat_v20_c40.onnx,vnnlib/unsat_v20_c40.vnnlib,prepared,unsat,41.58
sat_relu,onnx/sat_v30_c44.onnx,vnnlib/sat_v30_c44.vnnlib,prepared,sat,0.09
sat_relu,onnx/unsat_v30_c44.onnx,vnnlib/unsat_v30_c44.vnnlib,prepared,unsat,43.36
sat_relu,onnx/sat_v63_c286.onnx,vnnlib/sat_v63_c286.vnnlib,prepared,sat,7
sat_relu,onnx/unsat_v63_c286.onnx,vnnlib/unsat_v63_c286.vnnlib,prepared,unsat,100.65
sat_relu,onnx/sat_v38_c132.onnx,vnnlib/sat_v38_c132.vnnlib,prepared,sat,3
sat_relu,onnx/unsat_v38_c132.onnx,vnnlib/unsat_v38_c132.vnnlib,prepared,unsat,77.49
sat_relu,onnx/sat_v33_c140.onnx,vnnlib/sat_v33_c140.vnnlib,prepared,sat,0
sat_relu,onnx/unsat_v33_c140.onnx,vnnlib/unsat_v33_c140.vnnlib,prepared,unsat,80.85
sat_relu,onnx/sat_v90_c449.onnx,vnnlib/sat_v90_c449.vnnlib,prepared,sat,9.85
sat_relu,onnx/unsat_v90_c449.onnx,vnnlib/unsat_v90_c449.vnnlib,prepared,unsat,1
sat_relu,onnx/sat_v75_c99.onnx,vnnlib/sat_v75_c99.vnnlib,prepared,sat,0.08
sat_relu,onnx/unsat_v75_c99.onnx,vnnlib/unsat_v75_c99.vnnlib,prepared,unsat,93.07
sat_relu,onnx/sat_v82_c130.onnx,vnnlib/sat_v82_c130.vnnlib,prepared,sat,0.09
sat_relu,onnx/unsat_v82_c130.onnx,vnnlib/unsat_v82_c130.vnnlib,prepared,unsat,88.39
sat_relu,onnx/sat_v64_c234.onnx,vnnlib/sat_v64_c234.vnnlib,prepared,sat,3.79
sat_relu,onnx/unsat_v64_c234.onnx,vnnlib/unsat_v64_c234.vnnlib,prepared,unsat,92.14
sat_relu,onnx/sat_v39_c77.onnx,vnnlib/sat_v39_c77.vnnlib,prepared,sat,0.32
sat_relu,onnx/unsat_v39_c77.onnx,vnnlib/unsat_v39_c77.vnnlib,prepared,unsat,60.91
sat_relu,onnx/sat_v16_c39.onnx,vnnlib/sat_v16_c39.vnnlib,prepared,sat,0.13
sat_relu,onnx/unsat_v16_c39.onnx,vnnlib/unsat_v16_c39.vnnlib,prepared,unsat,37.70
sat_relu,onnx/sat_v85_c207.onnx,vnnlib/sat_v85_c207.vnnlib,prepared,sat,1.55
sat_relu,onnx/unsat_v85_c207.onnx,vnnlib/unsat_v85_c207.vnnlib,prepared,unsat,87.25
sat_relu,onnx/sat_v44_c52.onnx,vnnlib/sat_v44_c52.vnnlib,prepared,sat,0.07
sat_relu,onnx/unsat_v44_c52.onnx,vnnlib/unsat_v44_c52.vnnlib,prepared,unsat,54.20
sat_relu,onnx/test_nano.onnx,vnnlib/test_nano.vnnlib,0,unsat,0
