soundnessbench,onnx/model.onnx,vnnlib/model_0.vnnlib,prepared,sat,34
soundnessbench,onnx/model.onnx,vnnlib/model_1.vnnlib,prepared,sat,74
soundnessbench,onnx/model.onnx,vnnlib/model_2.vnnlib,prepared,sat,49
soundnessbench,onnx/model.onnx,vnnlib/model_3.vnnlib,prepared,sat,38
soundnessbench,onnx/model.onnx,vnnlib/model_4.vnnlib,prepared,sat,81
soundnessbench,onnx/model.onnx,vnnlib/model_5.vnnlib,prepared,sat,24
soundnessbench,onnx/model.onnx,vnnlib/model_6.vnnlib,prepared,sat,130
soundnessbench,onnx/model.onnx,vnnlib/model_7.vnnlib,prepared,sat,36
soundnessbench,onnx/model.onnx,vnnlib/model_8.vnnlib,prepared,sat,145
soundnessbench,onnx/model.onnx,vnnlib/model_9.vnnlib,prepared,sat,80
soundnessbench,onnx/model.onnx,vnnlib/model_10.vnnlib,prepared,sat,118
soundnessbench,onnx/model.onnx,vnnlib/model_11.vnnlib,prepared,sat,37
soundnessbench,onnx/model.onnx,vnnlib/model_12.vnnlib,prepared,sat,76
soundnessbench,onnx/model.onnx,vnnlib/model_13.vnnlib,prepared,sat,76
soundnessbench,onnx/model.onnx,vnnlib/model_14.vnnlib,prepared,sat,62
soundnessbench,onnx/model.onnx,vnnlib/model_15.vnnlib,prepared,sat,83
soundnessbench,onnx/model.onnx,vnnlib/model_16.vnnlib,prepared,sat,130
soundnessbench,onnx/model.onnx,vnnlib/model_17.vnnlib,prepared,sat,135,soundness17-diversified-repeat-4872056d-20260721T1006Z
soundnessbench,onnx/model.onnx,vnnlib/model_18.vnnlib,prepared,sat,100
soundnessbench,onnx/model.onnx,vnnlib/model_19.vnnlib,prepared,sat,33
soundnessbench,onnx/model.onnx,vnnlib/model_20.vnnlib,prepared,sat,84
soundnessbench,onnx/model.onnx,vnnlib/model_21.vnnlib,prepared,sat,88
soundnessbench,onnx/model.onnx,vnnlib/model_22.vnnlib,prepared,sat,97
soundnessbench,onnx/model.onnx,vnnlib/model_23.vnnlib,prepared,sat,77
soundnessbench,onnx/model.onnx,vnnlib/model_24.vnnlib,prepared,sat,93
soundnessbench,onnx/model.onnx,vnnlib/model_25.vnnlib,prepared,sat,11
soundnessbench,onnx/model.onnx,vnnlib/model_26.vnnlib,prepared,sat,99
soundnessbench,onnx/model.onnx,vnnlib/model_27.vnnlib,prepared,sat,113
soundnessbench,onnx/model.onnx,vnnlib/model_28.vnnlib,prepared,sat,45
soundnessbench,onnx/model.onnx,vnnlib/model_29.vnnlib,prepared,sat,24
soundnessbench,onnx/model.onnx,vnnlib/model_30.vnnlib,prepared,sat,137
soundnessbench,onnx/model.onnx,vnnlib/model_31.vnnlib,prepared,sat,69
soundnessbench,onnx/model.onnx,vnnlib/model_32.vnnlib,prepared,sat,67
soundnessbench,onnx/model.onnx,vnnlib/model_33.vnnlib,prepared,sat,95
soundnessbench,onnx/model.onnx,vnnlib/model_34.vnnlib,prepared,sat,33
soundnessbench,onnx/model.onnx,vnnlib/model_35.vnnlib,prepared,sat,118
soundnessbench,onnx/model.onnx,vnnlib/model_36.vnnlib,prepared,sat,51
soundnessbench,onnx/model.onnx,vnnlib/model_37.vnnlib,prepared,sat,59
soundnessbench,onnx/model.onnx,vnnlib/model_38.vnnlib,prepared,sat,36
soundnessbench,onnx/model.onnx,vnnlib/model_39.vnnlib,prepared,sat,76
soundnessbench,onnx/model.onnx,vnnlib/model_40.vnnlib,prepared,sat,65
soundnessbench,onnx/model.onnx,vnnlib/model_41.vnnlib,prepared,sat,37
soundnessbench,onnx/model.onnx,vnnlib/model_42.vnnlib,prepared,sat,37
soundnessbench,onnx/model.onnx,vnnlib/model_43.vnnlib,prepared,sat,31
soundnessbench,onnx/model.onnx,vnnlib/model_44.vnnlib,prepared,sat,98
soundnessbench,onnx/model.onnx,vnnlib/model_45.vnnlib,prepared,sat,54
soundnessbench,onnx/model.onnx,vnnlib/model_46.vnnlib,prepared,sat,81
soundnessbench,onnx/model.onnx,vnnlib/model_47.vnnlib,prepared,sat,103
soundnessbench,onnx/model.onnx,vnnlib/model_48.vnnlib,prepared,sat,27
soundnessbench,onnx/model.onnx,vnnlib/model_49.vnnlib,prepared,sat,109
soundnessbench,onnx/test_nano.onnx,vnnlib/test_nano.vnnlib,0,unsat,0
